itm_no_item|INVALID ITEM{***}
itm_no_item_pl|INVALID ITEM{***}
itm_tutorial_spear|Spear{***}
itm_tutorial_spear_pl|Spear{***}
itm_tutorial_club|Club{***}
itm_tutorial_club_pl|Club{***}
itm_tutorial_battle_axe|Battle Axe{***}
itm_tutorial_battle_axe_pl|Battle Axe{***}
itm_tutorial_arrows|Arrows{***}
itm_tutorial_arrows_pl|Arrows{***}
itm_tutorial_bolts|Bolts{***}
itm_tutorial_bolts_pl|Bolts{***}
itm_tutorial_short_bow|Short Bow{***}
itm_tutorial_short_bow_pl|Short Bow{***}
itm_tutorial_crossbow|Crossbow{***}
itm_tutorial_crossbow_pl|Crossbow{***}
itm_tutorial_throwing_daggers|Throwing Daggers{***}
itm_tutorial_throwing_daggers_pl|Throwing Daggers{***}
itm_tutorial_saddle_horse|Saddle Horse{***}
itm_tutorial_saddle_horse_pl|Saddle Horse{***}
itm_tutorial_shield|Kite Shield{***}
itm_tutorial_shield_pl|Kite Shield{***}
itm_tutorial_staff_no_attack|Staff{***}
itm_tutorial_staff_no_attack_pl|Staff{***}
itm_tutorial_staff|Staff{***}
itm_tutorial_staff_pl|Staff{***}
itm_tutorial_sword|Sword{***}
itm_tutorial_sword_pl|Sword{***}
itm_tutorial_axe|Axe{***}
itm_tutorial_axe_pl|Axe{***}
itm_tutorial_dagger|Dagger{***}
itm_tutorial_dagger_pl|Dagger{***}
itm_practice_sword|Practice Sword{***}
itm_practice_sword_pl|Practice Sword{***}
itm_heavy_practice_sword|Heavy Practice Sword{***}
itm_heavy_practice_sword_pl|Heavy Practice Sword{***}
itm_practice_dagger|Practice Dagger{***}
itm_practice_dagger_pl|Practice Dagger{***}
itm_practice_axe|Practice Axe{***}
itm_practice_axe_pl|Practice Axe{***}
itm_arena_axe|Axe{***}
itm_arena_axe_pl|Axe{***}
itm_arena_sword|Sword{***}
itm_arena_sword_pl|Sword{***}
itm_arena_sword_two_handed|Two-handed Sword{***}
itm_arena_sword_two_handed_pl|Two-handed Sword{***}
itm_arena_lance|Lance{***}
itm_arena_lance_pl|Lance{***}
itm_practice_staff|Practice Staff{***}
itm_practice_staff_pl|Practice Staff{***}
itm_practice_lance|Practice Lance{***}
itm_practice_lance_pl|Practice Lance{***}
itm_practice_shield|Practice Shield{***}
itm_practice_shield_pl|Practice Shield{***}
itm_practice_bow|Practice Bow{***}
itm_practice_bow_pl|Practice Bow{***}
itm_practice_crossbow|Practice Crossbow{***}
itm_practice_crossbow_pl|Practice Crossbow{***}
itm_practice_javelin|Practice Javelins{***}
itm_practice_javelin_pl|Practice Javelins{***}
itm_practice_javelin_melee|practice javelin melee{***}
itm_practice_javelin_melee_pl|practice javelin melee{***}
itm_practice_throwing_daggers|Throwing Daggers{***}
itm_practice_throwing_daggers_pl|Throwing Daggers{***}
itm_practice_throwing_daggers_100_amount|Throwing Daggers{***}
itm_practice_throwing_daggers_100_amount_pl|Throwing Daggers{***}
itm_practice_arrows|Practice Arrows{***}
itm_practice_arrows_pl|Practice Arrows{***}
itm_practice_bolts|Practice Bolts{***}
itm_practice_bolts_pl|Practice Bolts{***}
itm_practice_arrows_10_amount|Practice Arrows{***}
itm_practice_arrows_10_amount_pl|Practice Arrows{***}
itm_practice_arrows_100_amount|Practice Arrows{***}
itm_practice_arrows_100_amount_pl|Practice Arrows{***}
itm_practice_bolts_9_amount|Practice Bolts{***}
itm_practice_bolts_9_amount_pl|Practice Bolts{***}
itm_practice_boots|Practice Boots{***}
itm_practice_boots_pl|Practice Boots{***}
itm_practice_horse|Practice Horse{***}
itm_practice_horse_pl|Practice Horse{***}
itm_ne_lumber|Wood{***}
itm_ne_lumber_pl|Wood{***}
itm_ne_cocoa|Cocoa{***}
itm_ne_cocoa_pl|Cocoa{***}
itm_ne_coffee|Coffee{***}
itm_ne_coffee_pl|Coffee{***}
itm_ne_hemp|Hemp{***}
itm_ne_hemp_pl|Hemp{***}
itm_ne_cotton|Cotton{***}
itm_ne_cotton_pl|Cotton{***}
itm_ne_flax|Flax{***}
itm_ne_flax_pl|Flax{***}
itm_ne_sugarcane|Sugarcane{***}
itm_ne_sugarcane_pl|Sugarcane{***}
itm_ne_iron|Iron{***}
itm_ne_iron_pl|Iron{***}
itm_ne_precious|Silver{***}
itm_ne_precious_pl|Silver{***}
itm_ne_tobacco|Tobacco{***}
itm_ne_tobacco_pl|Tobacco{***}
itm_ne_salt|Salt{***}
itm_ne_salt_pl|Salt{***}
itm_ne_dyes|Dyes{***}
itm_ne_dyes_pl|Dyes{***}
itm_ne_sugar|Sugar{***}
itm_ne_sugar_pl|Sugar{***}
itm_ne_flour|Flour{***}
itm_ne_flour_pl|Flour{***}
itm_ne_cloth|Cloth{***}
itm_ne_cloth_pl|Cloth{***}
itm_ne_linen|Linen{***}
itm_ne_linen_pl|Linen{***}
itm_ne_ropes|Ropes{***}
itm_ne_ropes_pl|Ropes{***}
itm_ne_tools|Weapons{***}
itm_ne_tools_pl|Weapons{***}
itm_ne_irongoods|Irongoods{***}
itm_ne_irongoods_pl|Irongoods{***}
itm_ne_jewelry|Jewelry{***}
itm_ne_jewelry_pl|Jewelry{***}
itm_ne_timber|Timber{***}
itm_ne_timber_pl|Timber{***}
itm_ne_beer|Beer{***}
itm_ne_beer_pl|Beer{***}
itm_ne_rum|Rum{***}
itm_ne_rum_pl|Rum{***}
itm_ne_clothing|Clothing{***}
itm_ne_clothing_pl|Clothing{***}
itm_ne_furniture|Furniture{***}
itm_ne_furniture_pl|Furniture{***}
itm_ne_spices|Spices{***}
itm_ne_spices_pl|Spices{***}
itm_ne_wine|Wine{***}
itm_ne_wine_pl|Wine{***}
itm_ne_silk|Silk{***}
itm_ne_silk_pl|Silk{***}
itm_ne_porcelain|Porcelain{***}
itm_ne_porcelain_pl|Porcelain{***}
itm_ne_meat|Meat{***}
itm_ne_meat_pl|Meat{***}
itm_ne_fish|Fish{***}
itm_ne_fish_pl|Fish{***}
itm_ne_fruits|Fruits{***}
itm_ne_fruits_pl|Fruits{***}
itm_ne_grain|Grain{***}
itm_ne_grain_pl|Grain{***}
itm_ne_corned_beef|Corned Beef{***}
itm_ne_corned_beef_pl|Corned Beef{***}
itm_ne_salted_fish|Salted Fish{***}
itm_ne_salted_fish_pl|Salted Fish{***}
itm_ne_bread|Bread{***}
itm_ne_bread_pl|Bread{***}
itm_butter|Butter{***}
itm_butter_pl|Butter{***}
itm_siege_supply|Supplies{***}
itm_siege_supply_pl|Supplies{***}
itm_quest_wine|Wine{***}
itm_quest_wine_pl|Wine{***}
itm_quest_ale|Beer{***}
itm_quest_ale_pl|Beer{***}
itm_tribal_spear_throw|Tribal Javelin{***}
itm_tribal_spear_throw_pl|Tribal Javelin{***}
itm_tribal_spear|Tribal Spear{***}
itm_tribal_spear_pl|Tribal Spear{***}
itm_tribal_axe_stone_a|Large Stone Axe{***}
itm_tribal_axe_stone_a_pl|Large Stone Axe{***}
itm_plantation_horse_bags_mounted|Plantation Horse{***}
itm_plantation_horse_bags_mounted_pl|Plantation Horse{***}
itm_tribal_axe_stone_b|Stone Axe{***}
itm_tribal_axe_stone_b_pl|Stone Axe{***}
itm_tribal_axe_stone_b_melee|Stone Axe{***}
itm_tribal_axe_stone_b_melee_pl|Stone Axe{***}
itm_tribal_axe_metal_b|Tribal Axe{***}
itm_tribal_axe_metal_b_pl|Tribal Axe{***}
itm_tribal_axe_metal_b_melee|Tribal Axe{***}
itm_tribal_axe_metal_b_melee_pl|Tribal Axe{***}
itm_tribal_sword_02_a|Obsidian Sword{***}
itm_tribal_sword_02_a_pl|Obsidian Sword{***}
itm_tribal_sword_02_b|Obsidian Sword{***}
itm_tribal_sword_02_b_pl|Obsidian Sword{***}
itm_tribal_bow|Bow{***}
itm_tribal_bow_pl|Bow{***}
itm_tribal_arrow|Arrows{***}
itm_tribal_arrow_pl|Arrows{***}
itm_tribal_axe_metal_a|Large Tribal Axe{***}
itm_tribal_axe_metal_a_pl|Large Tribal Axe{***}
itm_tribal_armor_04|Tribal Body{***}
itm_tribal_armor_04_pl|Tribal Body{***}
itm_sumpter_horse|Pack Horse{***}
itm_sumpter_horse_pl|Pack Horse{***}
itm_saddle_horse|Draft Horse{***}
itm_saddle_horse_pl|Draft Horse{***}
itm_saddle_horse_b|Stock Horse{***}
itm_saddle_horse_b_pl|Stock Horse{***}
itm_saddle_horse_c|Saddle Horse{***}
itm_saddle_horse_c_pl|Saddle Horse{***}
itm_steppe_horse|Friesian Horse{***}
itm_steppe_horse_pl|Friesian Horse{***}
itm_steppe_horse_b|Iberian Horse{***}
itm_steppe_horse_b_pl|Iberian Horse{***}
itm_courser|Courser{***}
itm_courser_pl|Courser{***}
itm_hunter|Hunter Horse{***}
itm_hunter_pl|Hunter Horse{***}
itm_rich_horse|Thoroughbred Horse{***}
itm_rich_horse_pl|Thoroughbred Horse{***}
itm_rich_horse_b|Arabian Horse{***}
itm_rich_horse_b_pl|Arabian Horse{***}
itm_bolts|Bullets{***}
itm_bolts_pl|Bullets{***}
itm_steel_bolts|Heavy Bullets{***}
itm_steel_bolts_pl|Heavy Bullets{***}
itm_cartridges|Light Bullets{***}
itm_cartridges_pl|Light Bullets{***}
itm_assaultcartridges|Bullets{***}
itm_assaultcartridges_pl|Bullets{***}
itm_pilgrim_disguise|Sailor Robe{***}
itm_pilgrim_disguise_pl|Sailor Robe{***}
itm_pilgrim_hood|Common Hat{***}
itm_pilgrim_hood_pl|Common Hat{***}
itm_club|Club{***}
itm_club_pl|Club{***}
itm_club_2h|Large Club{***}
itm_club_2h_pl|Large Club{***}
itm_good_pike|Pike{***}
itm_good_pike_pl|Pike{***}
itm_good_kopyo|Boarding Pike{***}
itm_good_kopyo_pl|Boarding Pike{***}
itm_kopyo|Old Boarding Pike{***}
itm_kopyo_pl|Old Boarding Pike{***}
itm_partisan|Rich Partisan{***}
itm_partisan_pl|Rich Partisan{***}
itm_boarding_pike|Simple Boarding Pike{***}
itm_boarding_pike_pl|Simple Boarding Pike{***}
itm_pika|Old Pike{***}
itm_pika_pl|Old Pike{***}
itm_pike|Simple Pike{***}
itm_pike_pl|Simple Pike{***}
itm_hallberd_a|Halberd{***}
itm_hallberd_a_pl|Halberd{***}
itm_hallberd_a_2h|Sawed Off Halberd{***}
itm_hallberd_a_2h_pl|Sawed Off Halberd{***}
itm_hallberd_b|Rich Halberd{***}
itm_hallberd_b_pl|Rich Halberd{***}
itm_boathook|Boathook{***}
itm_boathook_pl|Boathook{***}
itm_boarding_axe_a|Boarding Axe{***}
itm_boarding_axe_a_pl|Boarding Axe{***}
itm_boarding_axe_b|Simple Axe{***}
itm_boarding_axe_b_pl|Simple Axe{***}
itm_boarding_axe_c|Long Boarding Axe{***}
itm_boarding_axe_c_pl|Long Boarding Axe{***}
itm_boarding_axe_d|Long Axe{***}
itm_boarding_axe_d_pl|Long Axe{***}
itm_mace|Flanged Mace{***}
itm_mace_pl|Flanged Mace{***}
itm_cutlass|Cutlass{***}
itm_cutlass_pl|Cutlass{***}
itm_boucan|Boucan{***}
itm_boucan_pl|Boucan{***}
itm_knife|Knife{***}
itm_knife_pl|Knife{***}
itm_dirk|Dirk{***}
itm_dirk_pl|Dirk{***}
itm_pirate_hanger|Hanger{***}
itm_pirate_hanger_pl|Hanger{***}
itm_schiavona|Schiavona{***}
itm_schiavona_pl|Schiavona{***}
itm_gully_knife|Gully Knife{***}
itm_gully_knife_pl|Gully Knife{***}
itm_dagger_a|Dagger{***}
itm_dagger_a_pl|Dagger{***}
itm_dagger_b|Rich Dagger{***}
itm_dagger_b_pl|Rich Dagger{***}
itm_broadsword_a|Infantry Broadsword{***}
itm_broadsword_a_pl|Infantry Broadsword{***}
itm_broadsword_b|Rich Infantry Broadsword{***}
itm_broadsword_b_pl|Rich Infantry Broadsword{***}
itm_broadsword_c|Cavalry Broadsword{***}
itm_broadsword_c_pl|Cavalry Broadsword{***}
itm_broadsword_d|Rich Cavalry Broadsword{***}
itm_broadsword_d_pl|Rich Cavalry Broadsword{***}
itm_broadsword_e|Basket-hilt Broadsword{***}
itm_broadsword_e_pl|Basket-hilt Broadsword{***}
itm_broadsword_f|Rich Basket-hilt Broadsword{***}
itm_broadsword_f_pl|Rich Basket-hilt Broadsword{***}
itm_smallsword_a|Smallsword{***}
itm_smallsword_a_pl|Smallsword{***}
itm_smallsword_b|Rich Smallsword{***}
itm_smallsword_b_pl|Rich Smallsword{***}
itm_smallsword_c|Rapier{***}
itm_smallsword_c_pl|Rapier{***}
itm_smallsword_d|Rich Rapier{***}
itm_smallsword_d_pl|Rich Rapier{***}
itm_sword_a_2h|Old Two-handed Sword{***}
itm_sword_a_2h_pl|Old Two-handed Sword{***}
itm_sword_b_2h|Two-handed Sword{***}
itm_sword_b_2h_pl|Two-handed Sword{***}
itm_partisan_2|Partisan{***}
itm_partisan_2_pl|Partisan{***}
itm_cutlass_2a|Rich Cutlass{***}
itm_cutlass_2a_pl|Rich Cutlass{***}
itm_cutlass_2b|Old Cutlass{***}
itm_cutlass_2b_pl|Old Cutlass{***}
itm_custom_hanger|Hand-crafted Hanger{***}
itm_custom_hanger_pl|Hand-crafted Hanger{***}
itm_custom_cutlass|Hand-crafted Cutlass{***}
itm_custom_cutlass_pl|Hand-crafted Cutlass{***}
itm_custom_rapier|Hand-crafted Rapier{***}
itm_custom_rapier_pl|Hand-crafted Rapier{***}
itm_custom_halberd|Hand-crafted Halberd{***}
itm_custom_halberd_pl|Hand-crafted Halberd{***}
itm_custom_broadsword|Hand-crafted Broadsword{***}
itm_custom_broadsword_pl|Hand-crafted Broadsword{***}
itm_custom_schiavona|Hand-crafted Schiavona{***}
itm_custom_schiavona_pl|Hand-crafted Schiavona{***}
itm_custom_mace|Hand-crafted Mace{***}
itm_custom_mace_pl|Hand-crafted Mace{***}
itm_pike_garrison|Pike for garrison{***}
itm_pike_garrison_pl|Pike for garrison{***}
itm_arquebus_1|Rich Wheellock Arquebus{***}
itm_arquebus_1_pl|Rich Wheellock Arquebus{***}
itm_arquebus_2|Wheellock Arquebus{***}
itm_arquebus_2_pl|Wheellock Arquebus{***}
itm_blunderbuss_1|Blunderbuss{***}
itm_blunderbuss_1_pl|Blunderbuss{***}
itm_blunderbuss_2|Blunderbuss Pistol{***}
itm_blunderbuss_2_pl|Blunderbuss Pistol{***}
itm_pistol_1a|Rich Flintlock Pistol{***}
itm_pistol_1a_pl|Rich Flintlock Pistol{***}
itm_pistol_2a|Old Flintlock Pistol{***}
itm_pistol_2a_pl|Old Flintlock Pistol{***}
itm_pistol_1b|Flintlock Pistol{***}
itm_pistol_1b_pl|Flintlock Pistol{***}
itm_pistol_2b|Exquisite Flintlock Pistol{***}
itm_pistol_2b_pl|Exquisite Flintlock Pistol{***}
itm_musket_a|Old Matchlock Musket{***}
itm_musket_a_pl|Old Matchlock Musket{***}
itm_musket_b|Matchlock Musket{***}
itm_musket_b_pl|Matchlock Musket{***}
itm_musket_2a|Old Matchlock Musket With Bayonet{***}
itm_musket_2a_pl|Old Matchlock Musket With Bayonet{***}
itm_musket_2b|Matchlock Musket With Bayonet{***}
itm_musket_2b_pl|Matchlock Musket With Bayonet{***}
itm_pistol_axe|Axe-Pistol{***}
itm_pistol_axe_pl|Axe-Pistol{***}
itm_pistol_mace|Mace-Pistol{***}
itm_pistol_mace_pl|Mace-Pistol{***}
itm_mousqueton_a|Rich Flintlock Carbine{***}
itm_mousqueton_a_pl|Rich Flintlock Carbine{***}
itm_mousqueton_b|Flintlock Carbine{***}
itm_mousqueton_b_pl|Flintlock Carbine{***}
itm_stone|Rock{***}
itm_stone_pl|Rock{***}
itm_custom_pistol|Hand-crafted Pistol{***}
itm_custom_pistol_pl|Hand-crafted Pistol{***}
itm_custom_milanese_pistol|Milanese Pistol{***}
itm_custom_milanese_pistol_pl|Milanese Pistol{***}
itm_custom_wheellock_arquebus|Hand-crafted Wheellock Arquebus{***}
itm_custom_wheellock_arquebus_pl|Hand-crafted Wheellock Arquebus{***}
itm_custom_toledan_arquebus|Toledan Arquebus{***}
itm_custom_toledan_arquebus_pl|Toledan Arquebus{***}
itm_custom_axe_pistol|Hand-crafted Axe-Pistol{***}
itm_custom_axe_pistol_pl|Hand-crafted Axe-Pistol{***}
itm_custom_mace_pistol|Hand-crafted Mace-Pistol{***}
itm_custom_mace_pistol_pl|Hand-crafted Mace-Pistol{***}
itm_custom_carbine|Hand-crafted Carbine{***}
itm_custom_carbine_pl|Hand-crafted Carbine{***}
itm_custom_musket|Hand-crafted Musket{***}
itm_custom_musket_pl|Hand-crafted Musket{***}
itm_custom_turkish_musket|Turkish Musket{***}
itm_custom_turkish_musket_pl|Turkish Musket{***}
itm_custom_nurenburg_pistol|Nurenburg Pistol{***}
itm_custom_nurenburg_pistol_pl|Nurenburg Pistol{***}
itm_custom_genoese_carbine|Genoese Carbine{***}
itm_custom_genoese_carbine_pl|Genoese Carbine{***}
itm_cheat_gun|Long Tom{***}
itm_cheat_gun_pl|Long Tom{***}
itm_shield_a|Highlander Shield{***}
itm_shield_a_pl|Highlander Shield{***}
itm_shield_c|Rich Shield{***}
itm_shield_c_pl|Rich Shield{***}
itm_shield_b|Shield{***}
itm_shield_b_pl|Shield{***}
itm_shield_heavy|Steel Buckler{***}
itm_shield_heavy_pl|Steel Buckler{***}
itm_torch|Torch{***}
itm_torch_pl|Torch{***}
itm_lyre|Lyre{***}
itm_lyre_pl|Lyre{***}
itm_lute|Lute{***}
itm_lute_pl|Lute{***}
itm_granata|Large Grenade{***}
itm_granata_pl|Large Grenade{***}
itm_granata_medium|Medium Grenade{***}
itm_granata_medium_pl|Medium Grenade{***}
itm_granata_small|Small Grenade{***}
itm_granata_small_pl|Small Grenade{***}
itm_m_granata_small|Grenade{***}
itm_m_granata_small_pl|Grenade{***}
itm_empty_item_0206|INVALID{***}
itm_empty_item_0206_pl|INVALID{***}
itm_empty_item_0207|INVALID{***}
itm_empty_item_0207_pl|INVALID{***}
itm_empty_item_0208|INVALID{***}
itm_empty_item_0208_pl|INVALID{***}
itm_empty_item_0209|INVALID{***}
itm_empty_item_0209_pl|INVALID{***}
itm_empty_item_0210|INVALID{***}
itm_empty_item_0210_pl|INVALID{***}
itm_empty_item_0211|INVALID{***}
itm_empty_item_0211_pl|INVALID{***}
itm_empty_item_0212|INVALID{***}
itm_empty_item_0212_pl|INVALID{***}
itm_empty_item_0213|INVALID{***}
itm_empty_item_0213_pl|INVALID{***}
itm_empty_item_0214|INVALID{***}
itm_empty_item_0214_pl|INVALID{***}
itm_cannon_2|Cannonball{***}
itm_cannon_2_pl|Cannonball{***}
itm_canon_ball_2|Cannonball{***}
itm_canon_ball_2_pl|Cannonball{***}
itm_shrapnel|Grapeshot{***}
itm_shrapnel_pl|Grapeshot{***}
itm_canon_ball_ship|Cannonball{***}
itm_canon_ball_ship_pl|Cannonball{***}
itm_small_bullets_pack|Bullets{***}
itm_small_bullets_pack_pl|Bullets{***}
itm_muskenot_shrapnel|Double-barreled Carbine{***}
itm_muskenot_shrapnel_pl|Double-barreled Carbine{***}
itm_pirat_hat_1|Sailor Hat{***}
itm_pirat_hat_1_pl|Sailor Hat{***}
itm_pirat_hat_2|Tricorn{***}
itm_pirat_hat_2_pl|Tricorn{***}
itm_pirat_hat_3|Felt Hat{***}
itm_pirat_hat_3_pl|Felt Hat{***}
itm_pirat_hat_10|Old Hat{***}
itm_pirat_hat_10_pl|Old Hat{***}
itm_pirat_hat_4|Fancy Hat{***}
itm_pirat_hat_4_pl|Fancy Hat{***}
itm_pirat_hat_5|Fancy Hat{***}
itm_pirat_hat_5_pl|Fancy Hat{***}
itm_pirat_hat_6|Fancy Hat{***}
itm_pirat_hat_6_pl|Fancy Hat{***}
itm_pirat_hat_7|Fancy Hat{***}
itm_pirat_hat_7_pl|Fancy Hat{***}
itm_pirat_hat_8|Fancy Hat{***}
itm_pirat_hat_8_pl|Fancy Hat{***}
itm_pirat_hat_9|Fancy Hat{***}
itm_pirat_hat_9_pl|Fancy Hat{***}
itm_oim_p_new_morion_a|Rich Morion{***}
itm_oim_p_new_morion_a_pl|Rich Morion{***}
itm_oim_p_new_morion_b|Morion{***}
itm_oim_p_new_morion_b_pl|Morion{***}
itm_oim_p_new_cabasset_a|Rich Cabasset{***}
itm_oim_p_new_cabasset_a_pl|Rich Cabasset{***}
itm_oim_p_new_cabasset_b|Cabasset{***}
itm_oim_p_new_cabasset_b_pl|Cabasset{***}
itm_oim_p_burgonet|Burgonet{***}
itm_oim_p_burgonet_pl|Burgonet{***}
itm_oim_p_burgonet_heavy|Closed Burgonet{***}
itm_oim_p_burgonet_heavy_pl|Closed Burgonet{***}
itm_oim_p_ironclad_helmet|Lobster Tail Helmet{***}
itm_oim_p_ironclad_helmet_pl|Lobster Tail Helmet{***}
itm_oim_p_roundhead_helmet|Pikeman's Pot{***}
itm_oim_p_roundhead_helmet_pl|Pikeman's Pot{***}
itm_officer_hat_01|Officer Hat{***}
itm_officer_hat_01_pl|Officer Hat{***}
itm_militiaman_hat_a|Hat{***}
itm_militiaman_hat_a_pl|Hat{***}
itm_militiaman_hat_b|Hat{***}
itm_militiaman_hat_b_pl|Hat{***}
itm_militiaman_hat_c|Hat{***}
itm_militiaman_hat_c_pl|Hat{***}
itm_militiaman_hat_d|Hat{***}
itm_militiaman_hat_d_pl|Hat{***}
itm_musketeer_hat_01|Fancy Musketeer Hat{***}
itm_musketeer_hat_01_pl|Fancy Musketeer Hat{***}
itm_musketeer_hat_02|Musketeer Hat{***}
itm_musketeer_hat_02_pl|Musketeer Hat{***}
itm_musketeer_hat_03|Musketeer Hat{***}
itm_musketeer_hat_03_pl|Musketeer Hat{***}
itm_musketeer_hat_04|Fancy Musketeer Hat{***}
itm_musketeer_hat_04_pl|Fancy Musketeer Hat{***}
itm_cavalry_hat_01|Cavalry Hat{***}
itm_cavalry_hat_01_pl|Cavalry Hat{***}
itm_cavalry_hat_02|Cavalry Hat{***}
itm_cavalry_hat_02_pl|Cavalry Hat{***}
itm_dragoon_hat_01|Dragoon Hat{***}
itm_dragoon_hat_01_pl|Dragoon Hat{***}
itm_dragoon_hat_02|Dragoon Hat{***}
itm_dragoon_hat_02_pl|Dragoon Hat{***}
itm_dragoon_hat_03|Dragoon Cap{***}
itm_dragoon_hat_03_pl|Dragoon Cap{***}
itm_pikeneer_hat_01|Pikeman Hat{***}
itm_pikeneer_hat_01_pl|Pikeman Hat{***}
itm_pikeneer_hat_02|Fancy Pikeman Hat{***}
itm_pikeneer_hat_02_pl|Fancy Pikeman Hat{***}
itm_pikeneer_hat_03|Pikeman Hat{***}
itm_pikeneer_hat_03_pl|Pikeman Hat{***}
itm_pikeneer_hat_04|Fancy Pikeman Hat{***}
itm_pikeneer_hat_04_pl|Fancy Pikeman Hat{***}
itm_bad_gloves|Old Gloves{***}
itm_bad_gloves_pl|Old Gloves{***}
itm_norm_gloves|Common Gloves{***}
itm_norm_gloves_pl|Common Gloves{***}
itm_good_gloves|Embroidered Gloves{***}
itm_good_gloves_pl|Embroidered Gloves{***}
itm_uber_gloves|Boiled Leather Gloves{***}
itm_uber_gloves_pl|Boiled Leather Gloves{***}
itm_captain_gloves|Leather Gloves{***}
itm_captain_gloves_pl|Leather Gloves{***}
itm_musketeer_gloves|Soft Gloves{***}
itm_musketeer_gloves_pl|Soft Gloves{***}
itm_armor_gloves_01|Gauntlets{***}
itm_armor_gloves_01_pl|Gauntlets{***}
itm_armor_gloves_02|Black Gauntlets{***}
itm_armor_gloves_02_pl|Black Gauntlets{***}
itm_armor_gloves_03|Engraved Gauntlets{***}
itm_armor_gloves_03_pl|Engraved Gauntlets{***}
itm_armor_gloves_04|Golden Gauntlets{***}
itm_armor_gloves_04_pl|Golden Gauntlets{***}
itm_custom_helm_closed_burgonet|Hand-crafted Closed Burgonet{***}
itm_custom_helm_closed_burgonet_pl|Hand-crafted Closed Burgonet{***}
itm_custom_helm_burgonet|Hand-crafted Burgonet{***}
itm_custom_helm_burgonet_pl|Hand-crafted Burgonet{***}
itm_custom_helm_lobster_tail|Hand-crafted Lobster Tail Helmet{***}
itm_custom_helm_lobster_tail_pl|Hand-crafted Lobster Tail Helmet{***}
itm_custom_helm_morion|Hand-crafted Morion{***}
itm_custom_helm_morion_pl|Hand-crafted Morion{***}
itm_custom_helm_pot|Hand-crafted Pikeman's Pot{***}
itm_custom_helm_pot_pl|Hand-crafted Pikeman's Pot{***}
itm_custom_helm_cabasset|Hand-crafted Cabasset{***}
itm_custom_helm_cabasset_pl|Hand-crafted Cabasset{***}
itm_custom_armor_engraved_plate|Hand-crafted Engraved Plate Armor{***}
itm_custom_armor_engraved_plate_pl|Hand-crafted Engraved Plate Armor{***}
itm_custom_armor_golden_plate|Hand-crafted Golden Plate Armor{***}
itm_custom_armor_golden_plate_pl|Hand-crafted Golden Plate Armor{***}
itm_custom_armor_black_plate|Hand-crafted Black Plate Armor{***}
itm_custom_armor_black_plate_pl|Hand-crafted Black Plate Armor{***}
itm_custom_armor_plate|Hand-crafted Plate Armor{***}
itm_custom_armor_plate_pl|Hand-crafted Plate Armor{***}
itm_custom_armor_infantry|Hand-crafted Infantry Armor{***}
itm_custom_armor_infantry_pl|Hand-crafted Infantry Armor{***}
itm_oim_p_new_pirat_simple_a|Sailor Dress{***}
itm_oim_p_new_pirat_simple_a_pl|Sailor Dress{***}
itm_oim_p_new_pirat_veteran_a|Buccaneer Dress{***}
itm_oim_p_new_pirat_veteran_a_pl|Buccaneer Dress{***}
itm_oim_p_new_pirat_veteran_b|Buccaneer Dress{***}
itm_oim_p_new_pirat_veteran_b_pl|Buccaneer Dress{***}
itm_oim_p_new_pirat_veteran_c|Buccaneer Dress{***}
itm_oim_p_new_pirat_veteran_c_pl|Buccaneer Dress{***}
itm_oim_p_new_pirat_captain_a|Fancy Jacket{***}
itm_oim_p_new_pirat_captain_a_pl|Fancy Jacket{***}
itm_oim_p_new_pirat_captain_b|Fancy Jacket{***}
itm_oim_p_new_pirat_captain_b_pl|Fancy Jacket{***}
itm_oim_p_new_pirat_captain_c|Fancy Jacket{***}
itm_oim_p_new_pirat_captain_c_pl|Fancy Jacket{***}
itm_oim_p_new_pirat_captain_d|Fancy Jacket{***}
itm_oim_p_new_pirat_captain_d_pl|Fancy Jacket{***}
itm_oim_p_new_pirat_captain_e|Fancy Jacket{***}
itm_oim_p_new_pirat_captain_e_pl|Fancy Jacket{***}
itm_oim_p_new_pirat_captain_f|Fancy Jacket{***}
itm_oim_p_new_pirat_captain_f_pl|Fancy Jacket{***}
itm_oim_p_new_militiaman_a|Militia Uniform{***}
itm_oim_p_new_militiaman_a_pl|Militia Uniform{***}
itm_civil_jacket_01|Civilian Jacket{***}
itm_civil_jacket_01_pl|Civilian Jacket{***}
itm_civil_jacket_02|Civilian Jacket{***}
itm_civil_jacket_02_pl|Civilian Jacket{***}
itm_musketeer_civ_01|Musketeer Uniform{***}
itm_musketeer_civ_01_pl|Musketeer Uniform{***}
itm_musketeer_civ_02|Musketeer Uniform{***}
itm_musketeer_civ_02_pl|Musketeer Uniform{***}
itm_musketeer_en_01|Musketeer Uniform{***}
itm_musketeer_en_01_pl|Musketeer Uniform{***}
itm_musketeer_en_02|Musketeer Uniform{***}
itm_musketeer_en_02_pl|Musketeer Uniform{***}
itm_musketeer_es_01|Musketeer Uniform{***}
itm_musketeer_es_01_pl|Musketeer Uniform{***}
itm_musketeer_es_02|Musketeer Uniform{***}
itm_musketeer_es_02_pl|Musketeer Uniform{***}
itm_musketeer_fr_01|Musketeer Uniform{***}
itm_musketeer_fr_01_pl|Musketeer Uniform{***}
itm_musketeer_fr_02|Musketeer Uniform{***}
itm_musketeer_fr_02_pl|Musketeer Uniform{***}
itm_musketeer_nl_01|Musketeer Uniform{***}
itm_musketeer_nl_01_pl|Musketeer Uniform{***}
itm_musketeer_nl_02|Musketeer Uniform{***}
itm_musketeer_nl_02_pl|Musketeer Uniform{***}
itm_civil_jacket_03|Civilian Jacket{***}
itm_civil_jacket_03_pl|Civilian Jacket{***}
itm_civil_jacket_04|Civilian Jacket{***}
itm_civil_jacket_04_pl|Civilian Jacket{***}
itm_civil_jacket_05|Civilian Jacket{***}
itm_civil_jacket_05_pl|Civilian Jacket{***}
itm_civil_jacket_06|Civilian Jacket{***}
itm_civil_jacket_06_pl|Civilian Jacket{***}
itm_civil_jacket_07|Civilian Jacket{***}
itm_civil_jacket_07_pl|Civilian Jacket{***}
itm_civil_jacket_08|Civilian Jacket{***}
itm_civil_jacket_08_pl|Civilian Jacket{***}
itm_civil_jacket_09|Civilian Jacket{***}
itm_civil_jacket_09_pl|Civilian Jacket{***}
itm_civil_jacket_10|Civilian Jacket{***}
itm_civil_jacket_10_pl|Civilian Jacket{***}
itm_pike_armor_full_cheap_en|Infantry Armor{***}
itm_pike_armor_full_cheap_en_pl|Infantry Armor{***}
itm_pike_armor_full_cheap_fr|Infantry Armor{***}
itm_pike_armor_full_cheap_fr_pl|Infantry Armor{***}
itm_pike_armor_full_cheap_sp|Infantry Armor{***}
itm_pike_armor_full_cheap_sp_pl|Infantry Armor{***}
itm_pike_armor_full_cheap_nl|Infantry Armor{***}
itm_pike_armor_full_cheap_nl_pl|Infantry Armor{***}
itm_pike_armor_full_cheap_merc|Infantry Armor{***}
itm_pike_armor_full_cheap_merc_pl|Infantry Armor{***}
itm_pike_cuirass_cheap_en|Infantry Cuirass{***}
itm_pike_cuirass_cheap_en_pl|Infantry Cuirass{***}
itm_pike_cuirass_cheap_fr|Infantry Cuirass{***}
itm_pike_cuirass_cheap_fr_pl|Infantry Cuirass{***}
itm_pike_cuirass_cheap_sp|Infantry Cuirass{***}
itm_pike_cuirass_cheap_sp_pl|Infantry Cuirass{***}
itm_pike_cuirass_cheap_nl|Infantry Cuirass{***}
itm_pike_cuirass_cheap_nl_pl|Infantry Cuirass{***}
itm_pike_cuirass_cheap_merc|Infantry Cuirass{***}
itm_pike_cuirass_cheap_merc_pl|Infantry Cuirass{***}
itm_pike_breastplate_cheap_en|Infantry Breastplate{***}
itm_pike_breastplate_cheap_en_pl|Infantry Breastplate{***}
itm_pike_breastplate_cheap_fr|Infantry Breastplate{***}
itm_pike_breastplate_cheap_fr_pl|Infantry Breastplate{***}
itm_pike_breastplate_cheap_sp|Infantry Breastplate{***}
itm_pike_breastplate_cheap_sp_pl|Infantry Breastplate{***}
itm_pike_breastplate_cheap_nl|Infantry Breastplate{***}
itm_pike_breastplate_cheap_nl_pl|Infantry Breastplate{***}
itm_pike_breastplate_cheap_merc|Infantry Breastplate{***}
itm_pike_breastplate_cheap_merc_pl|Infantry Breastplate{***}
itm_pike_armor_full_rich_en|Rich Infantry Armor{***}
itm_pike_armor_full_rich_en_pl|Rich Infantry Armor{***}
itm_pike_armor_full_rich_fr|Rich Infantry Armor{***}
itm_pike_armor_full_rich_fr_pl|Rich Infantry Armor{***}
itm_pike_armor_full_rich_sp|Rich Infantry Armor{***}
itm_pike_armor_full_rich_sp_pl|Rich Infantry Armor{***}
itm_pike_armor_full_rich_nl|Rich Infantry Armor{***}
itm_pike_armor_full_rich_nl_pl|Rich Infantry Armor{***}
itm_pike_armor_full_rich_merc|Rich Infantry Armor{***}
itm_pike_armor_full_rich_merc_pl|Rich Infantry Armor{***}
itm_pike_cuirass_rich_en|Rich Infantry Cuirass{***}
itm_pike_cuirass_rich_en_pl|Rich Infantry Cuirass{***}
itm_pike_cuirass_rich_fr|Rich Infantry Cuirass{***}
itm_pike_cuirass_rich_fr_pl|Rich Infantry Cuirass{***}
itm_pike_cuirass_rich_sp|Rich Infantry Cuirass{***}
itm_pike_cuirass_rich_sp_pl|Rich Infantry Cuirass{***}
itm_pike_cuirass_rich_nl|Rich Infantry Cuirass{***}
itm_pike_cuirass_rich_nl_pl|Rich Infantry Cuirass{***}
itm_pike_cuirass_rich_merc|Rich Infantry Cuirass{***}
itm_pike_cuirass_rich_merc_pl|Rich Infantry Cuirass{***}
itm_pike_breastplate_rich_en|Rich Infantry Breastplate{***}
itm_pike_breastplate_rich_en_pl|Rich Infantry Breastplate{***}
itm_pike_breastplate_rich_fr|Rich Infantry Breastplate{***}
itm_pike_breastplate_rich_fr_pl|Rich Infantry Breastplate{***}
itm_pike_breastplate_rich_sp|Rich Infantry Breastplate{***}
itm_pike_breastplate_rich_sp_pl|Rich Infantry Breastplate{***}
itm_pike_breastplate_rich_nl|Rich Infantry Breastplate{***}
itm_pike_breastplate_rich_nl_pl|Rich Infantry Breastplate{***}
itm_pike_breastplate_rich_merc|Rich Infantry Breastplate{***}
itm_pike_breastplate_rich_merc_pl|Rich Infantry Breastplate{***}
itm_cavalry_cuirass_cheap_en|Cavalry Cuirass{***}
itm_cavalry_cuirass_cheap_en_pl|Cavalry Cuirass{***}
itm_cavalry_cuirass_cheap_fr|Cavalry Cuirass{***}
itm_cavalry_cuirass_cheap_fr_pl|Cavalry Cuirass{***}
itm_cavalry_cuirass_cheap_sp|Cavalry Cuirass{***}
itm_cavalry_cuirass_cheap_sp_pl|Cavalry Cuirass{***}
itm_cavalry_cuirass_cheap_nl|Cavalry Cuirass{***}
itm_cavalry_cuirass_cheap_nl_pl|Cavalry Cuirass{***}
itm_cavalry_cuirass_cheap_merc|Cavalry Cuirass{***}
itm_cavalry_cuirass_cheap_merc_pl|Cavalry Cuirass{***}
itm_cavalry_breastplate_cheap_en|Cavalry Breastplate{***}
itm_cavalry_breastplate_cheap_en_pl|Cavalry Breastplate{***}
itm_cavalry_breastplate_cheap_fr|Cavalry Breastplate{***}
itm_cavalry_breastplate_cheap_fr_pl|Cavalry Breastplate{***}
itm_cavalry_breastplate_cheap_sp|Cavalry Breastplate{***}
itm_cavalry_breastplate_cheap_sp_pl|Cavalry Breastplate{***}
itm_cavalry_breastplate_cheap_nl|Cavalry Breastplate{***}
itm_cavalry_breastplate_cheap_nl_pl|Cavalry Breastplate{***}
itm_cavalry_breastplate_cheap_merc|Cavalry Breastplate{***}
itm_cavalry_breastplate_cheap_merc_pl|Cavalry Breastplate{***}
itm_cavalry_cuirass_rich_en|Rich Cavalry Cuirass{***}
itm_cavalry_cuirass_rich_en_pl|Rich Cavalry Cuirass{***}
itm_cavalry_cuirass_rich_fr|Rich Cavalry Cuirass{***}
itm_cavalry_cuirass_rich_fr_pl|Rich Cavalry Cuirass{***}
itm_cavalry_cuirass_rich_sp|Rich Cavalry Cuirass{***}
itm_cavalry_cuirass_rich_sp_pl|Rich Cavalry Cuirass{***}
itm_cavalry_cuirass_rich_nl|Rich Cavalry Cuirass{***}
itm_cavalry_cuirass_rich_nl_pl|Rich Cavalry Cuirass{***}
itm_cavalry_cuirass_rich_merc|Rich Cavalry Cuirass{***}
itm_cavalry_cuirass_rich_merc_pl|Rich Cavalry Cuirass{***}
itm_cavalry_breastplate_rich_en|Rich Cavalry Breastplate{***}
itm_cavalry_breastplate_rich_en_pl|Rich Cavalry Breastplate{***}
itm_cavalry_breastplate_rich_fr|Rich Cavalry Breastplate{***}
itm_cavalry_breastplate_rich_fr_pl|Rich Cavalry Breastplate{***}
itm_cavalry_breastplate_rich_sp|Rich Cavalry Breastplate{***}
itm_cavalry_breastplate_rich_sp_pl|Rich Cavalry Breastplate{***}
itm_cavalry_breastplate_rich_nl|Rich Cavalry Breastplate{***}
itm_cavalry_breastplate_rich_nl_pl|Rich Cavalry Breastplate{***}
itm_cavalry_breastplate_rich_merc|Rich Cavalry Breastplate{***}
itm_cavalry_breastplate_rich_merc_pl|Rich Cavalry Breastplate{***}
itm_full_plate_armor_01|Full Plate Armor{***}
itm_full_plate_armor_01_pl|Full Plate Armor{***}
itm_full_plate_armor_02|Full Plate Armor{***}
itm_full_plate_armor_02_pl|Full Plate Armor{***}
itm_full_plate_armor_03|Full Plate Armor{***}
itm_full_plate_armor_03_pl|Full Plate Armor{***}
itm_full_plate_armor_04|Full Plate Armor{***}
itm_full_plate_armor_04_pl|Full Plate Armor{***}
itm_full_plate_armor_05|Full Plate Armor{***}
itm_full_plate_armor_05_pl|Full Plate Armor{***}
itm_dragoon_civ_01|Dragoon Uniform{***}
itm_dragoon_civ_01_pl|Dragoon Uniform{***}
itm_dragoon_civ_02|Dragoon Uniform{***}
itm_dragoon_civ_02_pl|Dragoon Uniform{***}
itm_dragoon_es_01|Dragoon Uniform{***}
itm_dragoon_es_01_pl|Dragoon Uniform{***}
itm_dragoon_en_01|Dragoon Uniform{***}
itm_dragoon_en_01_pl|Dragoon Uniform{***}
itm_dragoon_fr_01|Dragoon Uniform{***}
itm_dragoon_fr_01_pl|Dragoon Uniform{***}
itm_dragoon_nl_01|Dragoon Uniform{***}
itm_dragoon_nl_01_pl|Dragoon Uniform{***}
itm_officer_armor_en|Officer Armor{***}
itm_officer_armor_en_pl|Officer Armor{***}
itm_officer_armor_fr|Officer Armor{***}
itm_officer_armor_fr_pl|Officer Armor{***}
itm_officer_armor_sp|Officer Armor{***}
itm_officer_armor_sp_pl|Officer Armor{***}
itm_officer_armor_nl|Officer Armor{***}
itm_officer_armor_nl_pl|Officer Armor{***}
itm_officer_armor_merc|Officer Armor{***}
itm_officer_armor_merc_pl|Officer Armor{***}
itm_officer_armor_civ|Officer Armor{***}
itm_officer_armor_civ_pl|Officer Armor{***}
itm_officer_armor_en2|Officer Armor{***}
itm_officer_armor_en2_pl|Officer Armor{***}
itm_officer_armor_nl2|Officer Armor{***}
itm_officer_armor_nl2_pl|Officer Armor{***}
itm_officer_cuirass_en|Officer Cuirass{***}
itm_officer_cuirass_en_pl|Officer Cuirass{***}
itm_officer_cuirass_fr|Officer Cuirass{***}
itm_officer_cuirass_fr_pl|Officer Cuirass{***}
itm_officer_cuirass_sp|Officer Cuirass{***}
itm_officer_cuirass_sp_pl|Officer Cuirass{***}
itm_officer_cuirass_nl|Officer Cuirass{***}
itm_officer_cuirass_nl_pl|Officer Cuirass{***}
itm_officer_cuirass_merc|Officer Cuirass{***}
itm_officer_cuirass_merc_pl|Officer Cuirass{***}
itm_officer_cuirass_civ|Officer Cuirass{***}
itm_officer_cuirass_civ_pl|Officer Cuirass{***}
itm_officer_cuirass_en2|Officer Cuirass{***}
itm_officer_cuirass_en2_pl|Officer Cuirass{***}
itm_officer_cuirass_nl2|Officer Cuirass{***}
itm_officer_cuirass_nl2_pl|Officer Cuirass{***}
itm_officer_coat_en|Officer Uniform{***}
itm_officer_coat_en_pl|Officer Uniform{***}
itm_officer_coat_fr|Officer Uniform{***}
itm_officer_coat_fr_pl|Officer Uniform{***}
itm_officer_coat_sp|Officer Uniform{***}
itm_officer_coat_sp_pl|Officer Uniform{***}
itm_officer_coat_nl|Officer Uniform{***}
itm_officer_coat_nl_pl|Officer Uniform{***}
itm_officer_coat_merc|Officer Uniform{***}
itm_officer_coat_merc_pl|Officer Uniform{***}
itm_officer_coat_civ|Officer Uniform{***}
itm_officer_coat_civ_pl|Officer Uniform{***}
itm_officer_coat_en2|Officer Uniform{***}
itm_officer_coat_en2_pl|Officer Uniform{***}
itm_officer_coat_nl2|Officer Uniform{***}
itm_officer_coat_nl2_pl|Officer Uniform{***}
itm_oim_p_new_pirat_boots_a|Boots{***}
itm_oim_p_new_pirat_boots_a_pl|Boots{***}
itm_oim_p_new_pirat_boots_b|Boots{***}
itm_oim_p_new_pirat_boots_b_pl|Boots{***}
itm_oim_p_new_pirat_boots_c|Riding Boots{***}
itm_oim_p_new_pirat_boots_c_pl|Riding Boots{***}
itm_oim_p_new_pirat_boots_d|Shoes{***}
itm_oim_p_new_pirat_boots_d_pl|Shoes{***}
itm_oim_p_new_pirat_boots_e|Shoes{***}
itm_oim_p_new_pirat_boots_e_pl|Shoes{***}
itm_oim_p_new_pirat_boots_f|Riding Boots{***}
itm_oim_p_new_pirat_boots_f_pl|Riding Boots{***}
itm_oim_p_new_pirat_boots_g|Riding Boots{***}
itm_oim_p_new_pirat_boots_g_pl|Riding Boots{***}
itm_oim_p_new_pirat_boots_h|Shoes{***}
itm_oim_p_new_pirat_boots_h_pl|Shoes{***}
itm_oim_p_new_militiaman_boots_a|Clogs{***}
itm_oim_p_new_militiaman_boots_a_pl|Clogs{***}
itm_oim_p_new_militiaman_boots_b|Clogs{***}
itm_oim_p_new_militiaman_boots_b_pl|Clogs{***}
itm_oim_p_new_militiaman_boots_c|Clogs{***}
itm_oim_p_new_militiaman_boots_c_pl|Clogs{***}
itm_oim_p_new_militiaman_boots_d|Clogs{***}
itm_oim_p_new_militiaman_boots_d_pl|Clogs{***}
itm_heavy_cavalry_boots_01|Jackboots{***}
itm_heavy_cavalry_boots_01_pl|Jackboots{***}
itm_heavy_cavalry_boots_02|Jackboots{***}
itm_heavy_cavalry_boots_02_pl|Jackboots{***}
itm_practice_musket|Matchlock Musket{***}
itm_practice_musket_pl|Matchlock Musket{***}
itm_items_end|Items End{***}
itm_items_end_pl|Items End{***}
itm_cannon_1|canon ball{***}
itm_cannon_1_pl|canon ball{***}
itm_kartech|canon ball{***}
itm_kartech_pl|canon ball{***}
itm_knippel|canon ball{***}
itm_knippel_pl|canon ball{***}
itm_canon_ball|canon ball{***}
itm_canon_ball_pl|canon ball{***}
itm_canon_bomb_ship|canon bomb ship{***}
itm_canon_bomb_ship_pl|canon bomb ship{***}
itm_canon_shrapnel|canon shrapnel{***}
itm_canon_shrapnel_pl|canon shrapnel{***}
itm_canon_knippel|canon knippel{***}
itm_canon_knippel_pl|canon knippel{***}
itm_boots_of_invisibility|Boots{***}
itm_boots_of_invisibility_pl|Boots{***}
itm_gloves_of_invisibility|Gloves{***}
itm_gloves_of_invisibility_pl|Gloves{***}
itm_coat_of_invisibility|Dress{***}
itm_coat_of_invisibility_pl|Dress{***}
itm_hat_of_invisibility|Hat{***}
itm_hat_of_invisibility_pl|Hat{***}
itm_special_horse|Sumpter Horse{***}
itm_special_horse_pl|Sumpter Horse{***}
itm_p_oim_cannon_8_cop|canon ball{***}
itm_p_oim_cannon_8_cop_pl|canon ball{***}
itm_p_oim_cannon_12_cop|canon ball{***}
itm_p_oim_cannon_12_cop_pl|canon ball{***}
itm_p_oim_cannon_16_cop|canon ball{***}
itm_p_oim_cannon_16_cop_pl|canon ball{***}
itm_p_oim_cannon_24_cop|canon ball{***}
itm_p_oim_cannon_24_cop_pl|canon ball{***}
itm_p_oim_cannon_32_cop|canon ball{***}
itm_p_oim_cannon_32_cop_pl|canon ball{***}
itm_p_oim_cannon_42_cop|canon ball{***}
itm_p_oim_cannon_42_cop_pl|canon ball{***}
itm_p_oim_culverin_12_cop|canon ball{***}
itm_p_oim_culverin_12_cop_pl|canon ball{***}
itm_p_oim_culverin_16_cop|canon ball{***}
itm_p_oim_culverin_16_cop_pl|canon ball{***}
itm_p_oim_culverin_24_cop|canon ball{***}
itm_p_oim_culverin_24_cop_pl|canon ball{***}
itm_p_oim_culverin_32_cop|canon ball{***}
itm_p_oim_culverin_32_cop_pl|canon ball{***}
itm_shrapnel_field|Grapeshot{***}
itm_shrapnel_field_pl|Grapeshot{***}
itm_canonball_field|canon ball{***}
itm_canonball_field_pl|canon ball{***}
itm_ramrod|Ramrod{***}
itm_ramrod_pl|Ramrod{***}
itm_oim_man_body|Body{***}
itm_oim_man_body_pl|Body{***}
itm_oim_man_legs|Legs{***}
itm_oim_man_legs_pl|Legs{***}
itm_oim_p_test_body|oim p test body{***}
itm_oim_p_test_body_pl|oim p test body{***}
itm_oim_p_test_boots|oim p test boots{***}
itm_oim_p_test_boots_pl|oim p test boots{***}
itm_oim_p_test_helmet|oim p test helmet{***}
itm_oim_p_test_helmet_pl|oim p test helmet{***}
itm_oim_p_test_hands|oim p test hands{***}
itm_oim_p_test_hands_pl|oim p test hands{***}
itm_common_artillery|Field Cannon{***}
itm_common_artillery_pl|Field Cannon{***}
itm_powder_barrel|Powder Barrel{***}
itm_powder_barrel_pl|Powder Barrel{***}
itm_p_beef|Beef{***}
itm_p_beef_pl|Beef{***}
itm_p_pork|Pork{***}
itm_p_pork_pl|Pork{***}
itm_p_fruit|Fruit{***}
itm_p_fruit_pl|Fruit{***}
itm_p_coconuts|Coconuts{***}
itm_p_coconuts_pl|Coconuts{***}
itm_p_cocoa|Cocoa{***}
itm_p_cocoa_pl|Cocoa{***}
itm_p_cheese|Cheese{***}
itm_p_cheese_pl|Cheese{***}
itm_p_wood|Ship wood{***}
itm_p_wood_pl|Ship wood{***}
itm_p_hemp|Hemp{***}
itm_p_hemp_pl|Hemp{***}
itm_p_saltpeter|Saltpeter{***}
itm_p_saltpeter_pl|Saltpeter{***}
itm_p_flax|Flax{***}
itm_p_flax_pl|Flax{***}
itm_p_wool|Wool{***}
itm_p_wool_pl|Wool{***}
itm_p_coal|Coal{***}
itm_p_coal_pl|Coal{***}
itm_p_sugarcane|Sugarcane{***}
itm_p_sugarcane_pl|Sugarcane{***}
itm_p_iron|Iron (raw){***}
itm_p_iron_pl|Iron (raw){***}
itm_p_tobacco|Tobacco{***}
itm_p_tobacco_pl|Tobacco{***}
itm_p_mahogany|Mahogany{***}
itm_p_mahogany_pl|Mahogany{***}
itm_p_beer|Beer{***}
itm_p_beer_pl|Beer{***}
itm_p_sugar|Sugar{***}
itm_p_sugar_pl|Sugar{***}
itm_p_smokedfish|Smoked fish{***}
itm_p_smokedfish_pl|Smoked fish{***}
itm_p_sausage|Sausage{***}
itm_p_sausage_pl|Sausage{***}
itm_p_cornedbeef|Corned Beef{***}
itm_p_cornedbeef_pl|Corned Beef{***}
itm_p_rum|Rum{***}
itm_p_rum_pl|Rum{***}
itm_p_bread|Bread{***}
itm_p_bread_pl|Bread{***}
itm_p_linen|Linen{***}
itm_p_linen_pl|Linen{***}
itm_p_fabrics|Fabrics{***}
itm_p_fabrics_pl|Fabrics{***}
itm_p_rope|Rope{***}
itm_p_rope_pl|Rope{***}
itm_p_tools|Tools{***}
itm_p_tools_pl|Tools{***}
itm_p_gunpowder|Gunpowder{***}
itm_p_gunpowder_pl|Gunpowder{***}
itm_p_furniture|Furniture{***}
itm_p_furniture_pl|Furniture{***}
itm_p_spices|Spices{***}
itm_p_spices_pl|Spices{***}
itm_p_salt|Salt{***}
itm_p_salt_pl|Salt{***}
itm_p_wine|Wine{***}
itm_p_wine_pl|Wine{***}
itm_p_oil|Oil{***}
itm_p_oil_pl|Oil{***}
itm_p_china|China{***}
itm_p_china_pl|China{***}
itm_p_silks|Silks{***}
itm_p_silks_pl|Silks{***}
itm_p_ebony|Ebony{***}
itm_p_ebony_pl|Ebony{***}
itm_p_trade_goods_end|trade goods end{***}
itm_p_trade_goods_end_pl|trade goods end{***}
itm_flint_hat|Flint's hat{***}
itm_flint_hat_pl|Flint's hat{***}
itm_hook|Hook{***}
itm_hook_pl|Hook{***}
itm_gloves_bottle|Common Gloves{***}
itm_gloves_bottle_pl|Common Gloves{***}
itm_pirat_hat_11|Sailor Hat{***}
itm_pirat_hat_11_pl|Sailor Hat{***}
itm_pirat_hat_12|Tricorn{***}
itm_pirat_hat_12_pl|Tricorn{***}
itm_pirat_hat_13|Felt Hat{***}
itm_pirat_hat_13_pl|Felt Hat{***}
itm_pirat_hat_14|Fancy Hat{***}
itm_pirat_hat_14_pl|Fancy Hat{***}
itm_pirat_hat_15|Fancy Hat{***}
itm_pirat_hat_15_pl|Fancy Hat{***}
itm_tavern_militiaman|Militia Uniform{***}
itm_tavern_militiaman_pl|Militia Uniform{***}
itm_tavern_sailor|Sailor Dress{***}
itm_tavern_sailor_pl|Sailor Dress{***}
itm_tavern_sailor2|Buccaneer Dress{***}
itm_tavern_sailor2_pl|Buccaneer Dress{***}
itm_tavern_sailor3|Buccaneer Dress{***}
itm_tavern_sailor3_pl|Buccaneer Dress{***}
itm_tavern_sailor4|Buccaneer Dress{***}
itm_tavern_sailor4_pl|Buccaneer Dress{***}
itm_tavern_dragoon|Dragoon Uniform{***}
itm_tavern_dragoon_pl|Dragoon Uniform{***}
itm_tavern_dragoon2|Dragoon Uniform{***}
itm_tavern_dragoon2_pl|Dragoon Uniform{***}
itm_tavern_musketeer|Civilian Jacket{***}
itm_tavern_musketeer_pl|Civilian Jacket{***}
itm_tavern_musketeer2|Civilian Jacket{***}
itm_tavern_musketeer2_pl|Civilian Jacket{***}
itm_tavern_fancy|Fancy Jacket{***}
itm_tavern_fancy_pl|Fancy Jacket{***}
itm_tavern_fancy2|Fancy Jacket{***}
itm_tavern_fancy2_pl|Fancy Jacket{***}
itm_pirat_hat_16|Fancy Hat{***}
itm_pirat_hat_16_pl|Fancy Hat{***}
itm_pirat_hat_17|Fancy Hat{***}
itm_pirat_hat_17_pl|Fancy Hat{***}
itm_pirat_hat_18|Fancy Hat{***}
itm_pirat_hat_18_pl|Fancy Hat{***}
itm_pirat_hat_19|Fancy Hat{***}
itm_pirat_hat_19_pl|Fancy Hat{***}
itm_pirat_hat_20|Old Hat{***}
itm_pirat_hat_20_pl|Old Hat{***}
itm_tavern_dragoon_hat_01|Dragoon Hat{***}
itm_tavern_dragoon_hat_01_pl|Dragoon Hat{***}
itm_tavern_pikeneer_hat_01|Pikeman Hat{***}
itm_tavern_pikeneer_hat_01_pl|Pikeman Hat{***}
itm_tavern_pikeneer_hat_02|Fancy Pikeman Hat{***}
itm_tavern_pikeneer_hat_02_pl|Fancy Pikeman Hat{***}
itm_tavern_pikeneer_hat_03|Pikeman Hat{***}
itm_tavern_pikeneer_hat_03_pl|Pikeman Hat{***}
itm_tavern_pikeneer_hat_04|Fancy Pikeman Hat{***}
itm_tavern_pikeneer_hat_04_pl|Fancy Pikeman Hat{***}
itm_tavern_musketeer_hat_01|Fancy Musketeer Hat{***}
itm_tavern_musketeer_hat_01_pl|Fancy Musketeer Hat{***}
itm_tavern_musketeer_hat_02|Musketeer Hat{***}
itm_tavern_musketeer_hat_02_pl|Musketeer Hat{***}
itm_tavern_musketeer_hat_03|Musketeer Hat{***}
itm_tavern_musketeer_hat_03_pl|Musketeer Hat{***}
itm_tavern_musketeer_hat_04|Fancy Musketeer Hat{***}
itm_tavern_musketeer_hat_04_pl|Fancy Musketeer Hat{***}
itm_tavern_militiaman_hat_a|Hat{***}
itm_tavern_militiaman_hat_a_pl|Hat{***}
itm_tavern_militiaman_hat_b|Hat{***}
itm_tavern_militiaman_hat_b_pl|Hat{***}
itm_tavern_militiaman_hat_c|Hat{***}
itm_tavern_militiaman_hat_c_pl|Hat{***}
itm_tavern_militiaman_hat_d|Hat{***}
itm_tavern_militiaman_hat_d_pl|Hat{***}
itm_tavern_nohat_01|Not A Hat{***}
itm_tavern_nohat_01_pl|Not A Hat{***}
itm_tavern_nohat_02|Not A Hat{***}
itm_tavern_nohat_02_pl|Not A Hat{***}
itm_tavern_hand|Hand of the tavern keeper{***}
itm_tavern_hand_pl|Hand of the tavern keeper{***}
itm_tavern_mug|Tavern Mug{***}
itm_tavern_mug_pl|Tavern Mug{***}
itm_tavern_bottle|Tavern Bottle{***}
itm_tavern_bottle_pl|Tavern Bottle{***}
itm_lifeboat_paw_r|lifeboat paw r{***}
itm_lifeboat_paw_r_pl|lifeboat paw r{***}
itm_lifeboat_paw_l|lifeboat paw l{***}
itm_lifeboat_paw_l_pl|lifeboat paw l{***}
itm_jaguar_armor|Jaguar Armor{***}
itm_jaguar_armor_pl|Jaguar Armor{***}
itm_caribbean_torch|Torch{***}
itm_caribbean_torch_pl|Torch{***}
itm_jaguar_helmet|Jaguar Helmet{***}
itm_jaguar_helmet_pl|Jaguar Helmet{***}
itm_sa_canon_ball|Cannonball{***}
itm_sa_canon_ball_pl|Cannonball{***}
itm_tribal_helmet_01|Tribal Headband{***}
itm_tribal_helmet_01_pl|Tribal Headband{***}
itm_tribal_helmet_02|Eagle Helmet{***}
itm_tribal_helmet_02_pl|Eagle Helmet{***}
itm_tribal_helmet_03|Tribal Helmet{***}
itm_tribal_helmet_03_pl|Tribal Helmet{***}
itm_tribal_armor_01|Ceremonial Armor{***}
itm_tribal_armor_01_pl|Ceremonial Armor{***}
itm_tribal_armor_02|Tribal Cuirass{***}
itm_tribal_armor_02_pl|Tribal Cuirass{***}
itm_tribal_armor_03|Tribal Armor{***}
itm_tribal_armor_03_pl|Tribal Armor{***}
itm_tribal_shield_01_d|Tribal Shield{***}
itm_tribal_shield_01_d_pl|Tribal Shield{***}
itm_tribal_helmet_04|Tribal Mask{***}
itm_tribal_helmet_04_pl|Tribal Mask{***}
itm_whip|whip{***}
itm_whip_pl|whip{***}
itm_hoe|Hoe{***}
itm_hoe_pl|Hoe{***}
itm_tribal_knife|Obsidian Knife{***}
itm_tribal_knife_pl|Obsidian Knife{***}
itm_tribal_sword_01_a|Large Obsidian Sword{***}
itm_tribal_sword_01_a_pl|Large Obsidian Sword{***}
itm_tribal_sword_01_b|Large Obsidian Sword{***}
itm_tribal_sword_01_b_pl|Large Obsidian Sword{***}
itm_tribal_shield_01_e|Tribal Shield{***}
itm_tribal_shield_01_e_pl|Tribal Shield{***}
itm_burner|Burner{***}
itm_burner_pl|Burner{***}
itm_tribal_shield_01_a|Tribal Shield{***}
itm_tribal_shield_01_a_pl|Tribal Shield{***}
itm_tribal_shield_01_b|Tribal Shield{***}
itm_tribal_shield_01_b_pl|Tribal Shield{***}
itm_tribal_shield_01_c|Tribal Shield{***}
itm_tribal_shield_01_c_pl|Tribal Shield{***}
itm_la_canon_ball|Cannonball{***}
itm_la_canon_ball_pl|Cannonball{***}
itm_prisoner_militiaman|Militia Uniform{***}
itm_prisoner_militiaman_pl|Militia Uniform{***}
itm_prisoner_pirate|Sailor Dress{***}
itm_prisoner_pirate_pl|Sailor Dress{***}
itm_prisoner_body1|Scarf{***}
itm_prisoner_body1_pl|Scarf{***}
itm_prisoner_body2|Sleeveless Shirt{***}
itm_prisoner_body2_pl|Sleeveless Shirt{***}
itm_prisoner_clogs|Clogs{***}
itm_prisoner_clogs_pl|Clogs{***}
itm_prisoner_hat1|Felt Hat{***}
itm_prisoner_hat1_pl|Felt Hat{***}
itm_prisoner_hat2|Old Hat{***}
itm_prisoner_hat2_pl|Old Hat{***}
itm_prisoner_hat3|Hat{***}
itm_prisoner_hat3_pl|Hat{***}
itm_pickaxe|Pickaxe{***}
itm_pickaxe_pl|Pickaxe{***}
itm_ironbar|Iron Bar{***}
itm_ironbar_pl|Iron Bar{***}
itm_prisoner_sandals|Sandals{***}
itm_prisoner_sandals_pl|Sandals{***}
itm_hayfork|Pitchfork{***}
itm_hayfork_pl|Pitchfork{***}
itm_weapon_mug|Mug{***}
itm_weapon_mug_pl|Mug{***}
itm_weapon_stool|Chair{***}
itm_weapon_stool_pl|Chair{***}
itm_weapon_bottle_broken|Broken Bottle{***}
itm_weapon_bottle_broken_pl|Broken Bottle{***}
itm_weapon_stool_2h|Chair{***}
itm_weapon_stool_2h_pl|Chair{***}
itm_weapon_bottle|Bottle{***}
itm_weapon_bottle_pl|Bottle{***}
itm_drummer_en_01|Musketeer Uniform{***}
itm_drummer_en_01_pl|Musketeer Uniform{***}
itm_drummer_es_01|Musketeer Uniform{***}
itm_drummer_es_01_pl|Musketeer Uniform{***}
itm_drummer_fr_01|Musketeer Uniform{***}
itm_drummer_fr_01_pl|Musketeer Uniform{***}
itm_drummer_nl_01|Musketeer Uniform{***}
itm_drummer_nl_01_pl|Musketeer Uniform{***}
itm_standart_en_01|English standart{***}
itm_standart_en_01_pl|English standart{***}
itm_standart_es_01|Spanish standart{***}
itm_standart_es_01_pl|Spanish standart{***}
itm_standart_fr_01|French standart{***}
itm_standart_fr_01_pl|French standart{***}
itm_standart_nl_01|Holland standart{***}
itm_standart_nl_01_pl|Holland standart{***}
itm_tribal_shield_01_f|Tribal Shield{***}
itm_tribal_shield_01_f_pl|Tribal Shield{***}
itm_tribal_shield_01_g|Tribal Shield{***}
itm_tribal_shield_01_g_pl|Tribal Shield{***}
itm_tribal_shield_01_h|Tribal Shield{***}
itm_tribal_shield_01_h_pl|Tribal Shield{***}
itm_tribal_shield_01_i|Tribal Shield{***}
itm_tribal_shield_01_i_pl|Tribal Shield{***}
itm_tribal_shield_01_j|Tribal Shield{***}
itm_tribal_shield_01_j_pl|Tribal Shield{***}
itm_tribal_helmet_05|Tribal Head{***}
itm_tribal_helmet_05_pl|Tribal Head{***}
itm_nunbody|Nun cassock{***}
itm_nunbody_pl|Nun cassock{***}
itm_abbessbody|Abbess cassock{***}
itm_abbessbody_pl|Abbess cassock{***}
itm_machete|Machete{***}
itm_machete_pl|Machete{***}
itm_shovel|Shovel{***}
itm_shovel_pl|Shovel{***}
itm_sickle|Sickle{***}
itm_sickle_pl|Sickle{***}
itm_tribal_quest_bow|Bow{***}
itm_tribal_quest_bow_pl|Bow{***}
itm_thug_hat1|Sailor Hat{***}
itm_thug_hat1_pl|Sailor Hat{***}
itm_thug_hat2|Tricorn{***}
itm_thug_hat2_pl|Tricorn{***}
itm_thug_hat3|Felt Hat{***}
itm_thug_hat3_pl|Felt Hat{***}
itm_thug_hat4|Old Hat{***}
itm_thug_hat4_pl|Old Hat{***}
itm_heelboots|High Heel Boots{***}
itm_heelboots_pl|High Heel Boots{***}
itm_simple_dress_01|Dress{***}
itm_simple_dress_01_pl|Dress{***}
itm_simple_dress_02|Dress{***}
itm_simple_dress_02_pl|Dress{***}
itm_simple_dress_03|Dress{***}
itm_simple_dress_03_pl|Dress{***}
itm_rich_dress_01|Quality Dress{***}
itm_rich_dress_01_pl|Quality Dress{***}
itm_rich_dress_02|Quality Dress{***}
itm_rich_dress_02_pl|Quality Dress{***}
itm_rich_dress_03|Quality Dress{***}
itm_rich_dress_03_pl|Quality Dress{***}
itm_female_cowl_01|Cowl{***}
itm_female_cowl_01_pl|Cowl{***}
itm_female_cowl_02|Cowl{***}
itm_female_cowl_02_pl|Cowl{***}
itm_female_hand|Female hand{***}
itm_female_hand_pl|Female hand{***}
itm_servant_dress_01|Peasant Dress{***}
itm_servant_dress_01_pl|Peasant Dress{***}
itm_servant_dress_02|Peasant Dress{***}
itm_servant_dress_02_pl|Peasant Dress{***}
itm_female_headwrap_01|Headwrap{***}
itm_female_headwrap_01_pl|Headwrap{***}
itm_female_headwrap_02|Headwrap{***}
itm_female_headwrap_02_pl|Headwrap{***}
itm_female_headwrap_none|Earrings{***}
itm_female_headwrap_none_pl|Earrings{***}
itm_female_flipflops|Flip-flops{***}
itm_female_flipflops_pl|Flip-flops{***}
itm_sexy_dress_01|Immodest Dress{***}
itm_sexy_dress_01_pl|Immodest Dress{***}
itm_sexy_dress_02|Immodest Dress{***}
itm_sexy_dress_02_pl|Immodest Dress{***}
itm_sexy_dress_03|Immodest Dress{***}
itm_sexy_dress_03_pl|Immodest Dress{***}
itm_sexy_dress_04|Immodest Peasant Dress{***}
itm_sexy_dress_04_pl|Immodest Peasant Dress{***}
itm_sexy_dress_05|Immodest Peasant Dress{***}
itm_sexy_dress_05_pl|Immodest Peasant Dress{***}
itm_quest_pistol|Quality Pistol{***}
itm_quest_pistol_pl|Quality Pistol{***}
itm_bad_lance|Old Lance{***}
itm_bad_lance_pl|Old Lance{***}
itm_lance|Simple Lance{***}
itm_lance_pl|Simple Lance{***}
itm_good_lance|Lance{***}
itm_good_lance_pl|Lance{***}
itm_empty_item_0615|INVALID{***}
itm_empty_item_0615_pl|INVALID{***}
itm_empty_item_0616|INVALID{***}
itm_empty_item_0616_pl|INVALID{***}
itm_empty_item_0617|INVALID{***}
itm_empty_item_0617_pl|INVALID{***}
itm_empty_item_0618|INVALID{***}
itm_empty_item_0618_pl|INVALID{***}
itm_empty_item_0619|INVALID{***}
itm_empty_item_0619_pl|INVALID{***}
itm_empty_item_0620|INVALID{***}
itm_empty_item_0620_pl|INVALID{***}
itm_empty_item_0621|INVALID{***}
itm_empty_item_0621_pl|INVALID{***}
itm_empty_item_0622|INVALID{***}
itm_empty_item_0622_pl|INVALID{***}
itm_empty_item_0623|INVALID{***}
itm_empty_item_0623_pl|INVALID{***}
itm_empty_item_0624|INVALID{***}
itm_empty_item_0624_pl|INVALID{***}
itm_empty_item_0625|INVALID{***}
itm_empty_item_0625_pl|INVALID{***}
itm_empty_item_0626|INVALID{***}
itm_empty_item_0626_pl|INVALID{***}
itm_empty_item_0627|INVALID{***}
itm_empty_item_0627_pl|INVALID{***}
itm_empty_item_0628|INVALID{***}
itm_empty_item_0628_pl|INVALID{***}
itm_empty_item_0629|INVALID{***}
itm_empty_item_0629_pl|INVALID{***}
itm_empty_item_0630|INVALID{***}
itm_empty_item_0630_pl|INVALID{***}
itm_empty_item_0631|INVALID{***}
itm_empty_item_0631_pl|INVALID{***}
itm_empty_item_0632|INVALID{***}
itm_empty_item_0632_pl|INVALID{***}
itm_empty_item_0633|INVALID{***}
itm_empty_item_0633_pl|INVALID{***}
itm_empty_item_0634|INVALID{***}
itm_empty_item_0634_pl|INVALID{***}
itm_empty_item_0635|INVALID{***}
itm_empty_item_0635_pl|INVALID{***}
itm_empty_item_0636|INVALID{***}
itm_empty_item_0636_pl|INVALID{***}
itm_empty_item_0637|INVALID{***}
itm_empty_item_0637_pl|INVALID{***}
itm_empty_item_0638|INVALID{***}
itm_empty_item_0638_pl|INVALID{***}
itm_empty_item_0639|INVALID{***}
itm_empty_item_0639_pl|INVALID{***}
itm_empty_item_0640|INVALID{***}
itm_empty_item_0640_pl|INVALID{***}
itm_empty_item_0641|INVALID{***}
itm_empty_item_0641_pl|INVALID{***}
itm_empty_item_0642|INVALID{***}
itm_empty_item_0642_pl|INVALID{***}
itm_empty_item_0643|INVALID{***}
itm_empty_item_0643_pl|INVALID{***}
itm_empty_item_0644|INVALID{***}
itm_empty_item_0644_pl|INVALID{***}
itm_empty_item_0645|INVALID{***}
itm_empty_item_0645_pl|INVALID{***}
itm_empty_item_0646|INVALID{***}
itm_empty_item_0646_pl|INVALID{***}
itm_empty_item_0647|INVALID{***}
itm_empty_item_0647_pl|INVALID{***}
itm_empty_item_0648|INVALID{***}
itm_empty_item_0648_pl|INVALID{***}
itm_empty_item_0649|INVALID{***}
itm_empty_item_0649_pl|INVALID{***}
itm_empty_item_0650|INVALID{***}
itm_empty_item_0650_pl|INVALID{***}
itm_empty_item_0651|INVALID{***}
itm_empty_item_0651_pl|INVALID{***}
itm_empty_item_0652|INVALID{***}
itm_empty_item_0652_pl|INVALID{***}
itm_empty_item_0653|INVALID{***}
itm_empty_item_0653_pl|INVALID{***}
itm_empty_item_0654|INVALID{***}
itm_empty_item_0654_pl|INVALID{***}
itm_empty_item_0655|INVALID{***}
itm_empty_item_0655_pl|INVALID{***}
itm_empty_item_0656|INVALID{***}
itm_empty_item_0656_pl|INVALID{***}
itm_empty_item_0657|INVALID{***}
itm_empty_item_0657_pl|INVALID{***}
itm_empty_item_0658|INVALID{***}
itm_empty_item_0658_pl|INVALID{***}
itm_empty_item_0659|INVALID{***}
itm_empty_item_0659_pl|INVALID{***}
itm_empty_item_0660|INVALID{***}
itm_empty_item_0660_pl|INVALID{***}
itm_empty_item_0661|INVALID{***}
itm_empty_item_0661_pl|INVALID{***}
itm_empty_item_0662|INVALID{***}
itm_empty_item_0662_pl|INVALID{***}
itm_empty_item_0663|INVALID{***}
itm_empty_item_0663_pl|INVALID{***}
itm_empty_item_0664|INVALID{***}
itm_empty_item_0664_pl|INVALID{***}
itm_empty_item_0665|INVALID{***}
itm_empty_item_0665_pl|INVALID{***}
itm_empty_item_0666|INVALID{***}
itm_empty_item_0666_pl|INVALID{***}
itm_empty_item_0667|INVALID{***}
itm_empty_item_0667_pl|INVALID{***}
itm_empty_item_0668|INVALID{***}
itm_empty_item_0668_pl|INVALID{***}
itm_empty_item_0669|INVALID{***}
itm_empty_item_0669_pl|INVALID{***}
itm_empty_item_0670|INVALID{***}
itm_empty_item_0670_pl|INVALID{***}
itm_empty_item_0671|INVALID{***}
itm_empty_item_0671_pl|INVALID{***}
itm_empty_item_0672|INVALID{***}
itm_empty_item_0672_pl|INVALID{***}
itm_empty_item_0673|INVALID{***}
itm_empty_item_0673_pl|INVALID{***}
itm_empty_item_0674|INVALID{***}
itm_empty_item_0674_pl|INVALID{***}
itm_empty_item_0675|INVALID{***}
itm_empty_item_0675_pl|INVALID{***}
itm_empty_item_0676|INVALID{***}
itm_empty_item_0676_pl|INVALID{***}
itm_empty_item_0677|INVALID{***}
itm_empty_item_0677_pl|INVALID{***}
itm_empty_item_0678|INVALID{***}
itm_empty_item_0678_pl|INVALID{***}
itm_empty_item_0679|INVALID{***}
itm_empty_item_0679_pl|INVALID{***}
itm_empty_item_0680|INVALID{***}
itm_empty_item_0680_pl|INVALID{***}
itm_empty_item_0681|INVALID{***}
itm_empty_item_0681_pl|INVALID{***}
itm_empty_item_0682|INVALID{***}
itm_empty_item_0682_pl|INVALID{***}
itm_empty_item_0683|INVALID{***}
itm_empty_item_0683_pl|INVALID{***}
itm_empty_item_0684|INVALID{***}
itm_empty_item_0684_pl|INVALID{***}
itm_empty_item_0685|INVALID{***}
itm_empty_item_0685_pl|INVALID{***}
itm_empty_item_0686|INVALID{***}
itm_empty_item_0686_pl|INVALID{***}
itm_empty_item_0687|INVALID{***}
itm_empty_item_0687_pl|INVALID{***}
itm_empty_item_0688|INVALID{***}
itm_empty_item_0688_pl|INVALID{***}
itm_empty_item_0689|INVALID{***}
itm_empty_item_0689_pl|INVALID{***}
itm_empty_item_0690|INVALID{***}
itm_empty_item_0690_pl|INVALID{***}
itm_empty_item_0691|INVALID{***}
itm_empty_item_0691_pl|INVALID{***}
itm_empty_item_0692|INVALID{***}
itm_empty_item_0692_pl|INVALID{***}
itm_empty_item_0693|INVALID{***}
itm_empty_item_0693_pl|INVALID{***}
itm_empty_item_0694|INVALID{***}
itm_empty_item_0694_pl|INVALID{***}
itm_empty_item_0695|INVALID{***}
itm_empty_item_0695_pl|INVALID{***}
itm_empty_item_0696|INVALID{***}
itm_empty_item_0696_pl|INVALID{***}
itm_empty_item_0697|INVALID{***}
itm_empty_item_0697_pl|INVALID{***}
itm_empty_item_0698|INVALID{***}
itm_empty_item_0698_pl|INVALID{***}
itm_empty_item_0699|INVALID{***}
itm_empty_item_0699_pl|INVALID{***}
itm_empty_item_0700|INVALID{***}
itm_empty_item_0700_pl|INVALID{***}
itm_empty_item_0701|INVALID{***}
itm_empty_item_0701_pl|INVALID{***}
itm_empty_item_0702|INVALID{***}
itm_empty_item_0702_pl|INVALID{***}
itm_empty_item_0703|INVALID{***}
itm_empty_item_0703_pl|INVALID{***}
itm_empty_item_0704|INVALID{***}
itm_empty_item_0704_pl|INVALID{***}
itm_empty_item_0705|INVALID{***}
itm_empty_item_0705_pl|INVALID{***}
itm_empty_item_0706|INVALID{***}
itm_empty_item_0706_pl|INVALID{***}
itm_empty_item_0707|INVALID{***}
itm_empty_item_0707_pl|INVALID{***}
itm_empty_item_0708|INVALID{***}
itm_empty_item_0708_pl|INVALID{***}
itm_empty_item_0709|INVALID{***}
itm_empty_item_0709_pl|INVALID{***}
itm_empty_item_0710|INVALID{***}
itm_empty_item_0710_pl|INVALID{***}
itm_empty_item_0711|INVALID{***}
itm_empty_item_0711_pl|INVALID{***}
itm_empty_item_0712|INVALID{***}
itm_empty_item_0712_pl|INVALID{***}
itm_empty_item_0713|INVALID{***}
itm_empty_item_0713_pl|INVALID{***}
itm_empty_item_0714|INVALID{***}
itm_empty_item_0714_pl|INVALID{***}
itm_empty_item_0715|INVALID{***}
itm_empty_item_0715_pl|INVALID{***}
itm_empty_item_0716|INVALID{***}
itm_empty_item_0716_pl|INVALID{***}
itm_empty_item_0717|INVALID{***}
itm_empty_item_0717_pl|INVALID{***}
itm_empty_item_0718|INVALID{***}
itm_empty_item_0718_pl|INVALID{***}
itm_empty_item_0719|INVALID{***}
itm_empty_item_0719_pl|INVALID{***}
itm_empty_item_0720|INVALID{***}
itm_empty_item_0720_pl|INVALID{***}
itm_empty_item_0721|INVALID{***}
itm_empty_item_0721_pl|INVALID{***}
itm_empty_item_0722|INVALID{***}
itm_empty_item_0722_pl|INVALID{***}
itm_empty_item_0723|INVALID{***}
itm_empty_item_0723_pl|INVALID{***}
itm_empty_item_0724|INVALID{***}
itm_empty_item_0724_pl|INVALID{***}
itm_empty_item_0725|INVALID{***}
itm_empty_item_0725_pl|INVALID{***}
itm_empty_item_0726|INVALID{***}
itm_empty_item_0726_pl|INVALID{***}
itm_empty_item_0727|INVALID{***}
itm_empty_item_0727_pl|INVALID{***}
itm_empty_item_0728|INVALID{***}
itm_empty_item_0728_pl|INVALID{***}
itm_empty_item_0729|INVALID{***}
itm_empty_item_0729_pl|INVALID{***}
itm_empty_item_0730|INVALID{***}
itm_empty_item_0730_pl|INVALID{***}
itm_empty_item_0731|INVALID{***}
itm_empty_item_0731_pl|INVALID{***}
itm_empty_item_0732|INVALID{***}
itm_empty_item_0732_pl|INVALID{***}
itm_empty_item_0733|INVALID{***}
itm_empty_item_0733_pl|INVALID{***}
itm_empty_item_0734|INVALID{***}
itm_empty_item_0734_pl|INVALID{***}
itm_empty_item_0735|INVALID{***}
itm_empty_item_0735_pl|INVALID{***}
itm_empty_item_0736|INVALID{***}
itm_empty_item_0736_pl|INVALID{***}
itm_empty_item_0737|INVALID{***}
itm_empty_item_0737_pl|INVALID{***}
itm_empty_item_0738|INVALID{***}
itm_empty_item_0738_pl|INVALID{***}
itm_empty_item_0739|INVALID{***}
itm_empty_item_0739_pl|INVALID{***}
itm_empty_item_0740|INVALID{***}
itm_empty_item_0740_pl|INVALID{***}
itm_empty_item_0741|INVALID{***}
itm_empty_item_0741_pl|INVALID{***}
itm_empty_item_0742|INVALID{***}
itm_empty_item_0742_pl|INVALID{***}
itm_empty_item_0743|INVALID{***}
itm_empty_item_0743_pl|INVALID{***}
itm_empty_item_0744|INVALID{***}
itm_empty_item_0744_pl|INVALID{***}
itm_empty_item_0745|INVALID{***}
itm_empty_item_0745_pl|INVALID{***}
itm_empty_item_0746|INVALID{***}
itm_empty_item_0746_pl|INVALID{***}
itm_empty_item_0747|INVALID{***}
itm_empty_item_0747_pl|INVALID{***}
itm_empty_item_0748|INVALID{***}
itm_empty_item_0748_pl|INVALID{***}
itm_empty_item_0749|INVALID{***}
itm_empty_item_0749_pl|INVALID{***}
itm_empty_item_0750|INVALID{***}
itm_empty_item_0750_pl|INVALID{***}
itm_empty_item_0751|INVALID{***}
itm_empty_item_0751_pl|INVALID{***}
itm_empty_item_0752|INVALID{***}
itm_empty_item_0752_pl|INVALID{***}
itm_empty_item_0753|INVALID{***}
itm_empty_item_0753_pl|INVALID{***}
itm_empty_item_0754|INVALID{***}
itm_empty_item_0754_pl|INVALID{***}
itm_empty_item_0755|INVALID{***}
itm_empty_item_0755_pl|INVALID{***}
itm_empty_item_0756|INVALID{***}
itm_empty_item_0756_pl|INVALID{***}
itm_empty_item_0757|INVALID{***}
itm_empty_item_0757_pl|INVALID{***}
itm_empty_item_0758|INVALID{***}
itm_empty_item_0758_pl|INVALID{***}
itm_empty_item_0759|INVALID{***}
itm_empty_item_0759_pl|INVALID{***}
itm_empty_item_0760|INVALID{***}
itm_empty_item_0760_pl|INVALID{***}
itm_empty_item_0761|INVALID{***}
itm_empty_item_0761_pl|INVALID{***}
itm_empty_item_0762|INVALID{***}
itm_empty_item_0762_pl|INVALID{***}
itm_empty_item_0763|INVALID{***}
itm_empty_item_0763_pl|INVALID{***}
itm_empty_item_0764|INVALID{***}
itm_empty_item_0764_pl|INVALID{***}
itm_empty_item_0765|INVALID{***}
itm_empty_item_0765_pl|INVALID{***}
itm_empty_item_0766|INVALID{***}
itm_empty_item_0766_pl|INVALID{***}
itm_empty_item_0767|INVALID{***}
itm_empty_item_0767_pl|INVALID{***}
itm_empty_item_0768|INVALID{***}
itm_empty_item_0768_pl|INVALID{***}
itm_empty_item_0769|INVALID{***}
itm_empty_item_0769_pl|INVALID{***}
itm_empty_item_0770|INVALID{***}
itm_empty_item_0770_pl|INVALID{***}
itm_empty_item_0771|INVALID{***}
itm_empty_item_0771_pl|INVALID{***}
itm_empty_item_0772|INVALID{***}
itm_empty_item_0772_pl|INVALID{***}
itm_empty_item_0773|INVALID{***}
itm_empty_item_0773_pl|INVALID{***}
itm_empty_item_0774|INVALID{***}
itm_empty_item_0774_pl|INVALID{***}
itm_empty_item_0775|INVALID{***}
itm_empty_item_0775_pl|INVALID{***}
itm_empty_item_0776|INVALID{***}
itm_empty_item_0776_pl|INVALID{***}
itm_empty_item_0777|INVALID{***}
itm_empty_item_0777_pl|INVALID{***}
itm_empty_item_0778|INVALID{***}
itm_empty_item_0778_pl|INVALID{***}
itm_empty_item_0779|INVALID{***}
itm_empty_item_0779_pl|INVALID{***}
itm_empty_item_0780|INVALID{***}
itm_empty_item_0780_pl|INVALID{***}
itm_empty_item_0781|INVALID{***}
itm_empty_item_0781_pl|INVALID{***}
itm_empty_item_0782|INVALID{***}
itm_empty_item_0782_pl|INVALID{***}
itm_empty_item_0783|INVALID{***}
itm_empty_item_0783_pl|INVALID{***}
itm_empty_item_0784|INVALID{***}
itm_empty_item_0784_pl|INVALID{***}
itm_empty_item_0785|INVALID{***}
itm_empty_item_0785_pl|INVALID{***}
itm_empty_item_0786|INVALID{***}
itm_empty_item_0786_pl|INVALID{***}
itm_empty_item_0787|INVALID{***}
itm_empty_item_0787_pl|INVALID{***}
itm_empty_item_0788|INVALID{***}
itm_empty_item_0788_pl|INVALID{***}
itm_empty_item_0789|INVALID{***}
itm_empty_item_0789_pl|INVALID{***}
itm_empty_item_0790|INVALID{***}
itm_empty_item_0790_pl|INVALID{***}
itm_empty_item_0791|INVALID{***}
itm_empty_item_0791_pl|INVALID{***}
itm_empty_item_0792|INVALID{***}
itm_empty_item_0792_pl|INVALID{***}
itm_empty_item_0793|INVALID{***}
itm_empty_item_0793_pl|INVALID{***}
itm_empty_item_0794|INVALID{***}
itm_empty_item_0794_pl|INVALID{***}
itm_empty_item_0795|INVALID{***}
itm_empty_item_0795_pl|INVALID{***}
itm_empty_item_0796|INVALID{***}
itm_empty_item_0796_pl|INVALID{***}
itm_empty_item_0797|INVALID{***}
itm_empty_item_0797_pl|INVALID{***}
itm_empty_item_0798|INVALID{***}
itm_empty_item_0798_pl|INVALID{***}
itm_empty_item_0799|INVALID{***}
itm_empty_item_0799_pl|INVALID{***}
itm_empty_item_0800|INVALID{***}
itm_empty_item_0800_pl|INVALID{***}
itm_empty_item_0801|INVALID{***}
itm_empty_item_0801_pl|INVALID{***}
itm_empty_item_0802|INVALID{***}
itm_empty_item_0802_pl|INVALID{***}
itm_empty_item_0803|INVALID{***}
itm_empty_item_0803_pl|INVALID{***}
itm_empty_item_0804|INVALID{***}
itm_empty_item_0804_pl|INVALID{***}
itm_empty_item_0805|INVALID{***}
itm_empty_item_0805_pl|INVALID{***}
itm_empty_item_0806|INVALID{***}
itm_empty_item_0806_pl|INVALID{***}
itm_empty_item_0807|INVALID{***}
itm_empty_item_0807_pl|INVALID{***}
itm_empty_item_0808|INVALID{***}
itm_empty_item_0808_pl|INVALID{***}
itm_empty_item_0809|INVALID{***}
itm_empty_item_0809_pl|INVALID{***}
itm_empty_item_0810|INVALID{***}
itm_empty_item_0810_pl|INVALID{***}
itm_empty_item_0811|INVALID{***}
itm_empty_item_0811_pl|INVALID{***}
itm_empty_item_0812|INVALID{***}
itm_empty_item_0812_pl|INVALID{***}
itm_empty_item_0813|INVALID{***}
itm_empty_item_0813_pl|INVALID{***}
itm_empty_item_0814|INVALID{***}
itm_empty_item_0814_pl|INVALID{***}
itm_empty_item_0815|INVALID{***}
itm_empty_item_0815_pl|INVALID{***}
itm_empty_item_0816|INVALID{***}
itm_empty_item_0816_pl|INVALID{***}
itm_empty_item_0817|INVALID{***}
itm_empty_item_0817_pl|INVALID{***}
itm_empty_item_0818|INVALID{***}
itm_empty_item_0818_pl|INVALID{***}
itm_empty_item_0819|INVALID{***}
itm_empty_item_0819_pl|INVALID{***}
itm_empty_item_0820|INVALID{***}
itm_empty_item_0820_pl|INVALID{***}
itm_empty_item_0821|INVALID{***}
itm_empty_item_0821_pl|INVALID{***}
itm_empty_item_0822|INVALID{***}
itm_empty_item_0822_pl|INVALID{***}
itm_empty_item_0823|INVALID{***}
itm_empty_item_0823_pl|INVALID{***}
itm_empty_item_0824|INVALID{***}
itm_empty_item_0824_pl|INVALID{***}
itm_empty_item_0825|INVALID{***}
itm_empty_item_0825_pl|INVALID{***}
itm_empty_item_0826|INVALID{***}
itm_empty_item_0826_pl|INVALID{***}
itm_empty_item_0827|INVALID{***}
itm_empty_item_0827_pl|INVALID{***}
itm_empty_item_0828|INVALID{***}
itm_empty_item_0828_pl|INVALID{***}
itm_empty_item_0829|INVALID{***}
itm_empty_item_0829_pl|INVALID{***}
itm_empty_item_0830|INVALID{***}
itm_empty_item_0830_pl|INVALID{***}
itm_empty_item_0831|INVALID{***}
itm_empty_item_0831_pl|INVALID{***}
itm_empty_item_0832|INVALID{***}
itm_empty_item_0832_pl|INVALID{***}
itm_empty_item_0833|INVALID{***}
itm_empty_item_0833_pl|INVALID{***}
itm_empty_item_0834|INVALID{***}
itm_empty_item_0834_pl|INVALID{***}
itm_empty_item_0835|INVALID{***}
itm_empty_item_0835_pl|INVALID{***}
itm_empty_item_0836|INVALID{***}
itm_empty_item_0836_pl|INVALID{***}
itm_empty_item_0837|INVALID{***}
itm_empty_item_0837_pl|INVALID{***}
itm_empty_item_0838|INVALID{***}
itm_empty_item_0838_pl|INVALID{***}
itm_empty_item_0839|INVALID{***}
itm_empty_item_0839_pl|INVALID{***}
itm_empty_item_0840|INVALID{***}
itm_empty_item_0840_pl|INVALID{***}
itm_empty_item_0841|INVALID{***}
itm_empty_item_0841_pl|INVALID{***}
itm_empty_item_0842|INVALID{***}
itm_empty_item_0842_pl|INVALID{***}
itm_empty_item_0843|INVALID{***}
itm_empty_item_0843_pl|INVALID{***}
itm_empty_item_0844|INVALID{***}
itm_empty_item_0844_pl|INVALID{***}
itm_empty_item_0845|INVALID{***}
itm_empty_item_0845_pl|INVALID{***}
itm_empty_item_0846|INVALID{***}
itm_empty_item_0846_pl|INVALID{***}
itm_empty_item_0847|INVALID{***}
itm_empty_item_0847_pl|INVALID{***}
itm_empty_item_0848|INVALID{***}
itm_empty_item_0848_pl|INVALID{***}
itm_empty_item_0849|INVALID{***}
itm_empty_item_0849_pl|INVALID{***}
itm_empty_item_0850|INVALID{***}
itm_empty_item_0850_pl|INVALID{***}
itm_empty_item_0851|INVALID{***}
itm_empty_item_0851_pl|INVALID{***}
itm_empty_item_0852|INVALID{***}
itm_empty_item_0852_pl|INVALID{***}
itm_empty_item_0853|INVALID{***}
itm_empty_item_0853_pl|INVALID{***}
itm_empty_item_0854|INVALID{***}
itm_empty_item_0854_pl|INVALID{***}
itm_empty_item_0855|INVALID{***}
itm_empty_item_0855_pl|INVALID{***}
itm_empty_item_0856|INVALID{***}
itm_empty_item_0856_pl|INVALID{***}
itm_empty_item_0857|INVALID{***}
itm_empty_item_0857_pl|INVALID{***}
itm_empty_item_0858|INVALID{***}
itm_empty_item_0858_pl|INVALID{***}
itm_empty_item_0859|INVALID{***}
itm_empty_item_0859_pl|INVALID{***}
itm_empty_item_0860|INVALID{***}
itm_empty_item_0860_pl|INVALID{***}
itm_empty_item_0861|INVALID{***}
itm_empty_item_0861_pl|INVALID{***}
itm_empty_item_0862|INVALID{***}
itm_empty_item_0862_pl|INVALID{***}
itm_empty_item_0863|INVALID{***}
itm_empty_item_0863_pl|INVALID{***}
itm_empty_item_0864|INVALID{***}
itm_empty_item_0864_pl|INVALID{***}
itm_empty_item_0865|INVALID{***}
itm_empty_item_0865_pl|INVALID{***}
itm_empty_item_0866|INVALID{***}
itm_empty_item_0866_pl|INVALID{***}
itm_empty_item_0867|INVALID{***}
itm_empty_item_0867_pl|INVALID{***}
itm_empty_item_0868|INVALID{***}
itm_empty_item_0868_pl|INVALID{***}
itm_empty_item_0869|INVALID{***}
itm_empty_item_0869_pl|INVALID{***}
itm_empty_item_0870|INVALID{***}
itm_empty_item_0870_pl|INVALID{***}
itm_empty_item_0871|INVALID{***}
itm_empty_item_0871_pl|INVALID{***}
itm_empty_item_0872|INVALID{***}
itm_empty_item_0872_pl|INVALID{***}
itm_empty_item_0873|INVALID{***}
itm_empty_item_0873_pl|INVALID{***}
itm_empty_item_0874|INVALID{***}
itm_empty_item_0874_pl|INVALID{***}
itm_empty_item_0875|INVALID{***}
itm_empty_item_0875_pl|INVALID{***}
itm_empty_item_0876|INVALID{***}
itm_empty_item_0876_pl|INVALID{***}
itm_empty_item_0877|INVALID{***}
itm_empty_item_0877_pl|INVALID{***}
itm_empty_item_0878|INVALID{***}
itm_empty_item_0878_pl|INVALID{***}
itm_empty_item_0879|INVALID{***}
itm_empty_item_0879_pl|INVALID{***}
itm_empty_item_0880|INVALID{***}
itm_empty_item_0880_pl|INVALID{***}
itm_empty_item_0881|INVALID{***}
itm_empty_item_0881_pl|INVALID{***}
itm_empty_item_0882|INVALID{***}
itm_empty_item_0882_pl|INVALID{***}
itm_empty_item_0883|INVALID{***}
itm_empty_item_0883_pl|INVALID{***}
itm_empty_item_0884|INVALID{***}
itm_empty_item_0884_pl|INVALID{***}
itm_empty_item_0885|INVALID{***}
itm_empty_item_0885_pl|INVALID{***}
itm_empty_item_0886|INVALID{***}
itm_empty_item_0886_pl|INVALID{***}
itm_empty_item_0887|INVALID{***}
itm_empty_item_0887_pl|INVALID{***}
itm_empty_item_0888|INVALID{***}
itm_empty_item_0888_pl|INVALID{***}
itm_empty_item_0889|INVALID{***}
itm_empty_item_0889_pl|INVALID{***}
itm_empty_item_0890|INVALID{***}
itm_empty_item_0890_pl|INVALID{***}
itm_empty_item_0891|INVALID{***}
itm_empty_item_0891_pl|INVALID{***}
itm_empty_item_0892|INVALID{***}
itm_empty_item_0892_pl|INVALID{***}
itm_empty_item_0893|INVALID{***}
itm_empty_item_0893_pl|INVALID{***}
itm_empty_item_0894|INVALID{***}
itm_empty_item_0894_pl|INVALID{***}
itm_empty_item_0895|INVALID{***}
itm_empty_item_0895_pl|INVALID{***}
itm_empty_item_0896|INVALID{***}
itm_empty_item_0896_pl|INVALID{***}
itm_empty_item_0897|INVALID{***}
itm_empty_item_0897_pl|INVALID{***}
itm_empty_item_0898|INVALID{***}
itm_empty_item_0898_pl|INVALID{***}
itm_empty_item_0899|INVALID{***}
itm_empty_item_0899_pl|INVALID{***}
itm_empty_item_0900|INVALID{***}
itm_empty_item_0900_pl|INVALID{***}
itm_empty_item_0901|INVALID{***}
itm_empty_item_0901_pl|INVALID{***}
itm_empty_item_0902|INVALID{***}
itm_empty_item_0902_pl|INVALID{***}
itm_empty_item_0903|INVALID{***}
itm_empty_item_0903_pl|INVALID{***}
itm_empty_item_0904|INVALID{***}
itm_empty_item_0904_pl|INVALID{***}
itm_empty_item_0905|INVALID{***}
itm_empty_item_0905_pl|INVALID{***}
itm_empty_item_0906|INVALID{***}
itm_empty_item_0906_pl|INVALID{***}
itm_empty_item_0907|INVALID{***}
itm_empty_item_0907_pl|INVALID{***}
itm_empty_item_0908|INVALID{***}
itm_empty_item_0908_pl|INVALID{***}
itm_empty_item_0909|INVALID{***}
itm_empty_item_0909_pl|INVALID{***}
itm_empty_item_0910|INVALID{***}
itm_empty_item_0910_pl|INVALID{***}
itm_empty_item_0911|INVALID{***}
itm_empty_item_0911_pl|INVALID{***}
itm_empty_item_0912|INVALID{***}
itm_empty_item_0912_pl|INVALID{***}
itm_empty_item_0913|INVALID{***}
itm_empty_item_0913_pl|INVALID{***}
itm_empty_item_0914|INVALID{***}
itm_empty_item_0914_pl|INVALID{***}
itm_empty_item_0915|INVALID{***}
itm_empty_item_0915_pl|INVALID{***}
itm_empty_item_0916|INVALID{***}
itm_empty_item_0916_pl|INVALID{***}
itm_empty_item_0917|INVALID{***}
itm_empty_item_0917_pl|INVALID{***}
itm_empty_item_0918|INVALID{***}
itm_empty_item_0918_pl|INVALID{***}
itm_empty_item_0919|INVALID{***}
itm_empty_item_0919_pl|INVALID{***}
itm_empty_item_0920|INVALID{***}
itm_empty_item_0920_pl|INVALID{***}
itm_empty_item_0921|INVALID{***}
itm_empty_item_0921_pl|INVALID{***}
itm_empty_item_0922|INVALID{***}
itm_empty_item_0922_pl|INVALID{***}
itm_empty_item_0923|INVALID{***}
itm_empty_item_0923_pl|INVALID{***}
itm_empty_item_0924|INVALID{***}
itm_empty_item_0924_pl|INVALID{***}
itm_empty_item_0925|INVALID{***}
itm_empty_item_0925_pl|INVALID{***}
itm_empty_item_0926|INVALID{***}
itm_empty_item_0926_pl|INVALID{***}
itm_empty_item_0927|INVALID{***}
itm_empty_item_0927_pl|INVALID{***}
itm_empty_item_0928|INVALID{***}
itm_empty_item_0928_pl|INVALID{***}
itm_empty_item_0929|INVALID{***}
itm_empty_item_0929_pl|INVALID{***}
itm_empty_item_0930|INVALID{***}
itm_empty_item_0930_pl|INVALID{***}
itm_empty_item_0931|INVALID{***}
itm_empty_item_0931_pl|INVALID{***}
itm_empty_item_0932|INVALID{***}
itm_empty_item_0932_pl|INVALID{***}
itm_empty_item_0933|INVALID{***}
itm_empty_item_0933_pl|INVALID{***}
itm_empty_item_0934|INVALID{***}
itm_empty_item_0934_pl|INVALID{***}
itm_empty_item_0935|INVALID{***}
itm_empty_item_0935_pl|INVALID{***}
itm_empty_item_0936|INVALID{***}
itm_empty_item_0936_pl|INVALID{***}
itm_empty_item_0937|INVALID{***}
itm_empty_item_0937_pl|INVALID{***}
itm_empty_item_0938|INVALID{***}
itm_empty_item_0938_pl|INVALID{***}
itm_empty_item_0939|INVALID{***}
itm_empty_item_0939_pl|INVALID{***}
itm_empty_item_0940|INVALID{***}
itm_empty_item_0940_pl|INVALID{***}
itm_empty_item_0941|INVALID{***}
itm_empty_item_0941_pl|INVALID{***}
itm_empty_item_0942|INVALID{***}
itm_empty_item_0942_pl|INVALID{***}
itm_empty_item_0943|INVALID{***}
itm_empty_item_0943_pl|INVALID{***}
itm_empty_item_0944|INVALID{***}
itm_empty_item_0944_pl|INVALID{***}
itm_empty_item_0945|INVALID{***}
itm_empty_item_0945_pl|INVALID{***}
itm_empty_item_0946|INVALID{***}
itm_empty_item_0946_pl|INVALID{***}
itm_empty_item_0947|INVALID{***}
itm_empty_item_0947_pl|INVALID{***}
itm_empty_item_0948|INVALID{***}
itm_empty_item_0948_pl|INVALID{***}
itm_empty_item_0949|INVALID{***}
itm_empty_item_0949_pl|INVALID{***}
itm_empty_item_0950|INVALID{***}
itm_empty_item_0950_pl|INVALID{***}
itm_empty_item_0951|INVALID{***}
itm_empty_item_0951_pl|INVALID{***}
itm_empty_item_0952|INVALID{***}
itm_empty_item_0952_pl|INVALID{***}
itm_empty_item_0953|INVALID{***}
itm_empty_item_0953_pl|INVALID{***}
itm_empty_item_0954|INVALID{***}
itm_empty_item_0954_pl|INVALID{***}
itm_empty_item_0955|INVALID{***}
itm_empty_item_0955_pl|INVALID{***}
itm_empty_item_0956|INVALID{***}
itm_empty_item_0956_pl|INVALID{***}
itm_empty_item_0957|INVALID{***}
itm_empty_item_0957_pl|INVALID{***}
itm_empty_item_0958|INVALID{***}
itm_empty_item_0958_pl|INVALID{***}
itm_empty_item_0959|INVALID{***}
itm_empty_item_0959_pl|INVALID{***}
itm_empty_item_0960|INVALID{***}
itm_empty_item_0960_pl|INVALID{***}
itm_empty_item_0961|INVALID{***}
itm_empty_item_0961_pl|INVALID{***}
itm_empty_item_0962|INVALID{***}
itm_empty_item_0962_pl|INVALID{***}
itm_empty_item_0963|INVALID{***}
itm_empty_item_0963_pl|INVALID{***}
itm_empty_item_0964|INVALID{***}
itm_empty_item_0964_pl|INVALID{***}
itm_empty_item_0965|INVALID{***}
itm_empty_item_0965_pl|INVALID{***}
itm_empty_item_0966|INVALID{***}
itm_empty_item_0966_pl|INVALID{***}
itm_empty_item_0967|INVALID{***}
itm_empty_item_0967_pl|INVALID{***}
itm_empty_item_0968|INVALID{***}
itm_empty_item_0968_pl|INVALID{***}
itm_empty_item_0969|INVALID{***}
itm_empty_item_0969_pl|INVALID{***}
itm_empty_item_0970|INVALID{***}
itm_empty_item_0970_pl|INVALID{***}
itm_empty_item_0971|INVALID{***}
itm_empty_item_0971_pl|INVALID{***}
itm_empty_item_0972|INVALID{***}
itm_empty_item_0972_pl|INVALID{***}
itm_empty_item_0973|INVALID{***}
itm_empty_item_0973_pl|INVALID{***}
itm_empty_item_0974|INVALID{***}
itm_empty_item_0974_pl|INVALID{***}
itm_empty_item_0975|INVALID{***}
itm_empty_item_0975_pl|INVALID{***}
itm_empty_item_0976|INVALID{***}
itm_empty_item_0976_pl|INVALID{***}
itm_empty_item_0977|INVALID{***}
itm_empty_item_0977_pl|INVALID{***}
itm_empty_item_0978|INVALID{***}
itm_empty_item_0978_pl|INVALID{***}
itm_empty_item_0979|INVALID{***}
itm_empty_item_0979_pl|INVALID{***}
itm_empty_item_0980|INVALID{***}
itm_empty_item_0980_pl|INVALID{***}
itm_empty_item_0981|INVALID{***}
itm_empty_item_0981_pl|INVALID{***}
itm_empty_item_0982|INVALID{***}
itm_empty_item_0982_pl|INVALID{***}
itm_empty_item_0983|INVALID{***}
itm_empty_item_0983_pl|INVALID{***}
itm_empty_item_0984|INVALID{***}
itm_empty_item_0984_pl|INVALID{***}
itm_empty_item_0985|INVALID{***}
itm_empty_item_0985_pl|INVALID{***}
itm_empty_item_0986|INVALID{***}
itm_empty_item_0986_pl|INVALID{***}
itm_empty_item_0987|INVALID{***}
itm_empty_item_0987_pl|INVALID{***}
itm_empty_item_0988|INVALID{***}
itm_empty_item_0988_pl|INVALID{***}
itm_empty_item_0989|INVALID{***}
itm_empty_item_0989_pl|INVALID{***}
itm_empty_item_0990|INVALID{***}
itm_empty_item_0990_pl|INVALID{***}
itm_empty_item_0991|INVALID{***}
itm_empty_item_0991_pl|INVALID{***}
itm_empty_item_0992|INVALID{***}
itm_empty_item_0992_pl|INVALID{***}
itm_empty_item_0993|INVALID{***}
itm_empty_item_0993_pl|INVALID{***}
itm_empty_item_0994|INVALID{***}
itm_empty_item_0994_pl|INVALID{***}
itm_empty_item_0995|INVALID{***}
itm_empty_item_0995_pl|INVALID{***}
itm_empty_item_0996|INVALID{***}
itm_empty_item_0996_pl|INVALID{***}
itm_empty_item_0997|INVALID{***}
itm_empty_item_0997_pl|INVALID{***}
itm_empty_item_0998|INVALID{***}
itm_empty_item_0998_pl|INVALID{***}
itm_empty_item_0999|INVALID{***}
itm_empty_item_0999_pl|INVALID{***}
